S2L1C,global,2021-10-22,10486
S2L1C,global,2021-10-23,10534
S2L1C,global,2021-10-24,10336
S2L1C,global,2021-10-25,10516
S2L1C,global,2021-10-26,10007
S2L1C,global,2021-10-27,9659
S2L1C,global,2021-10-28,9260
S2L1C,global,2021-10-29,9709
S2L1C,global,2021-10-30,9872
S2L1C,global,2021-10-31,9839
S2L1C,global,2021-11-01,8633
S2L1C,global,2021-11-02,5776
S2L1C,global,2021-11-03,0
S2L1C,global,2021-11-02,9719
S2L1C,global,2021-11-03,9046
S2L1C,global,2021-11-04,5896
S2L1C,global,2021-11-03,9429
S2L1C,global,2021-11-04,6663
S2L1C,global,2021-11-05,6557
S2L1C,global,2021-11-04,6917
S2L1C,global,2021-11-05,6557
S2L1C,global,2021-11-06,7230
S2L1C,global,2021-11-05,6557
S2L1C,global,2021-11-06,7251
S2L1C,global,2021-11-07,7195
S2L1C,global,2021-11-06,7251
S2L1C,global,2021-11-07,7244
S2L1C,global,2021-11-08,7254
S2L1C,global,2021-11-07,7244
S2L1C,global,2021-11-08,7254
S2L1C,global,2021-11-09,6708
S2L1C,global,2021-11-08,7254
S2L1C,global,2021-11-09,6708
S2L1C,global,2021-11-10,8575
S2L1C,global,2021-11-09,6708
S2L1C,global,2021-11-10,8575
S2L1C,global,2021-11-11,9269
S2L1C,global,2021-11-10,8575
S2L1C,global,2021-11-11,9269
S2L1C,global,2021-11-12,8220
S2L1C,global,2021-11-11,9269
S2L1C,global,2021-11-12,8426
S2L1C,global,2021-11-13,8871
S2L1C,global,2021-11-12,8426
S2L1C,global,2021-11-13,8871
S2L1C,global,2021-11-14,9083
S2L1C,global,2021-11-13,8871
S2L1C,global,2021-11-14,9087
S2L1C,global,2021-11-15,8916
S2L1C,global,2021-11-09,6708
S2L1C,global,2021-11-10,8575
S2L1C,global,2021-11-11,9269
S2L1C,global,2021-11-12,8426
S2L1C,global,2021-11-13,8871
S2L1C,global,2021-11-14,9087
S2L1C,global,2021-11-15,8916
S2L1C,global,2021-11-14,9087
S2L1C,global,2021-11-15,8916
S2L1C,global,2021-11-16,8987
S2L1C,global,2021-11-15,8916
S2L1C,global,2021-11-16,8987
S2L1C,global,2021-11-17,8812
S2L1C,global,2021-11-16,8987
S2L1C,global,2021-11-17,8812
S2L1C,global,2021-11-18,2211
S2L1C,global,2021-11-17,8814
S2L1C,global,2021-11-18,4308
S2L1C,global,2021-11-19,3609
S2L1C,global,2021-11-18,4308
S2L1C,global,2021-11-19,4769
S2L1C,global,2021-11-20,0
S2L1C,global,2021-11-19,5468
S2L1C,global,2021-11-20,0
S2L1C,global,2021-11-21,0
S2L1C,global,2021-11-18,4308
S2L1C,global,2021-11-19,8683
S2L1C,global,2021-11-20,6803
S2L1C,global,2021-11-21,183
S2L1C,global,2021-11-22,464
S2L1C,global,2021-11-23,4
S2L1C,global,2021-11-21,183
S2L1C,global,2021-11-22,3392
S2L1C,global,2021-11-23,8980
S2L1C,global,2021-11-22,3392
S2L1C,global,2021-11-23,8980
S2L1C,global,2021-11-24,8788
S2L1C,global,2021-11-23,8980
S2L1C,global,2021-11-24,8788
S2L1C,global,2021-11-25,8556
S2L1C,global,2021-11-24,8788
S2L1C,global,2021-11-25,8556
S2L1C,global,2021-11-26,8382
S2L1C,global,2021-11-25,8556
S2L1C,global,2021-11-26,8382
S2L1C,global,2021-11-27,8377
S2L1C,global,2021-11-26,8595
S2L1C,global,2021-11-27,8377
S2L1C,global,2021-11-28,8480
S2L1C,global,2021-11-27,8377
S2L1C,global,2021-11-28,8480
S2L1C,global,2021-11-29,8718
S2L1C,global,2021-11-28,8480
S2L1C,global,2021-11-29,8718
S2L1C,global,2021-11-30,8510
S2L1C,global,2021-11-29,8718
S2L1C,global,2021-11-30,8510
S2L1C,global,2021-12-01,9094
S2L1C,global,2021-11-30,8510
S2L1C,global,2021-12-01,9094
S2L1C,global,2021-12-02,9041
S2L1C,global,2021-12-01,9094
S2L1C,global,2021-12-02,9041
S2L1C,global,2021-12-03,8787
S2L1C,global,2021-12-02,9041
S2L1C,global,2021-12-03,8787
S2L1C,global,2021-12-04,8982
S2L1C,global,2021-12-03,8787
S2L1C,global,2021-12-04,8982
S2L1C,global,2021-12-05,8849
S2L1C,global,2021-12-04,8982
S2L1C,global,2021-12-05,8849
S2L1C,global,2021-12-06,8640
S2L1C,global,2021-12-05,8849
S2L1C,global,2021-12-06,8820
S2L1C,global,2021-12-07,8546
S2L1C,global,2021-12-06,8820
S2L1C,global,2021-12-07,8546
S2L1C,global,2021-12-08,8721
S2L1C,global,2021-12-07,8546
S2L1C,global,2021-12-08,8721
S2L1C,global,2021-12-09,8687
S2L1C,global,2021-12-08,8721
S2L1C,global,2021-12-09,8687
S2L1C,global,2021-12-10,8621
S2L1C,global,2021-12-09,8687
S2L1C,global,2021-12-10,8621
S2L1C,global,2021-12-11,8826
S2L1C,global,2021-12-10,8621
S2L1C,global,2021-12-11,8826
S2L1C,global,2021-12-12,7463
S2L1C,global,2021-12-09,8687
S2L1C,global,2021-12-10,8621
S2L1C,global,2021-12-11,8826
S2L1C,global,2021-12-12,8866
S2L1C,global,2021-12-11,8826
S2L1C,global,2021-12-12,8866
S2L1C,global,2021-12-13,5662
S2L1C,global,2021-12-12,8866
S2L1C,global,2021-12-13,5662
S2L1C,global,2021-12-14,5938
S2L1C,global,2021-12-13,5662
S2L1C,global,2021-12-14,6284
S2L1C,global,2021-12-15,7168
S2L1C,global,2021-12-14,6284
S2L1C,global,2021-12-15,7422
S2L1C,global,2021-12-16,8384
S2L1C,global,2021-12-15,7680
S2L1C,global,2021-12-16,8384
S2L1C,global,2021-12-17,8410
S2L1C,global,2021-12-16,8384
S2L1C,global,2021-12-17,8410
S2L1C,global,2021-12-18,8707
S2L1C,global,2021-12-17,8410
S2L1C,global,2021-12-18,8707
S2L1C,global,2021-12-19,8638
S2L1C,global,2021-12-18,8707
S2L1C,global,2021-12-19,8638
S2L1C,global,2021-12-20,8507
S2L1C,global,2021-12-19,8638
S2L1C,global,2021-12-20,8507
S2L1C,global,2021-12-21,8577
S2L1C,global,2021-12-20,8507
S2L1C,global,2021-12-21,8813
S2L1C,global,2021-12-22,8798
S2L1C,global,2021-12-21,8813
S2L1C,global,2021-12-22,8798
S2L1C,global,2021-12-23,8616
S2L1C,global,2021-12-22,8798
S2L1C,global,2021-12-23,8616
S2L1C,global,2021-12-24,8717
S2L1C,global,2021-12-23,8616
S2L1C,global,2021-12-24,8717
S2L1C,global,2021-12-25,8538
S2L1C,global,2021-12-24,8717
S2L1C,global,2021-12-25,8538
S2L1C,global,2021-12-26,8643
S2L1C,global,2021-12-25,8538
S2L1C,global,2021-12-26,8645
S2L1C,global,2021-12-27,8146
S2L1C,global,2021-12-26,8645
S2L1C,global,2021-12-27,8146
S2L1C,global,2021-12-28,8692
S2L1C,global,2021-12-27,8146
S2L1C,global,2021-12-28,8692
S2L1C,global,2021-12-29,8330
S2L1C,global,2021-12-28,8692
S2L1C,global,2021-12-29,8331
S2L1C,global,2021-12-30,8663
S2L1C,global,2021-12-29,8331
S2L1C,global,2021-12-30,8668
S2L1C,global,2021-12-31,8895
S2L1C,global,2021-12-30,8668
S2L1C,global,2021-12-31,8895
S2L1C,global,2022-01-01,8881
S2L1C,global,2021-12-31,8895
S2L1C,global,2022-01-01,8882
S2L1C,global,2022-01-02,8160
S2L1C,global,2022-01-01,8882
S2L1C,global,2022-01-02,8162
S2L1C,global,2022-01-03,8834
S2L1C,global,2022-01-02,8162
S2L1C,global,2022-01-03,8834
S2L1C,global,2022-01-04,7655
S2L1C,global,2022-01-03,8834
S2L1C,global,2022-01-04,7655
S2L1C,global,2022-01-05,8613
S2L1C,global,2022-01-04,7655
S2L1C,global,2022-01-05,8613
S2L1C,global,2022-01-06,8538
S2L1C,global,2022-01-05,8613
S2L1C,global,2022-01-06,8538
S2L1C,global,2022-01-07,8860
S2L1C,global,2022-01-06,8538
S2L1C,global,2022-01-07,8860
S2L1C,global,2022-01-08,8725
S2L1C,global,2022-01-07,8860
S2L1C,global,2022-01-08,8726
S2L1C,global,2022-01-09,8464
S2L1C,global,2022-01-08,8726
S2L1C,global,2022-01-09,8491
S2L1C,global,2022-01-10,9104
S2L1C,global,2022-01-09,8491
S2L1C,global,2022-01-10,9104
S2L1C,global,2022-01-11,9060
S2L1C,global,2022-01-10,9104
S2L1C,global,2022-01-11,9060
S2L1C,global,2022-01-12,8911
S2L1C,global,2022-01-11,9060
S2L1C,global,2022-01-12,8911
S2L1C,global,2022-01-13,9055
S2L1C,global,2022-01-11,9060
S2L1C,global,2022-01-12,8911
S2L1C,global,2022-01-13,9055
S2L1C,global,2022-01-11,9060
S2L1C,global,2022-01-12,8911
S2L1C,global,2022-01-13,9055
S2L1C,global,2022-01-12,8911
S2L1C,global,2022-01-13,9055
S2L1C,global,2022-01-14,9012
S2L1C,global,2022-01-13,9081
S2L1C,global,2022-01-14,9012
S2L1C,global,2022-01-15,8978
S2L1C,global,2022-01-16,8722
S2L1C,global,2022-01-17,9129
S2L1C,global,2022-01-18,8248
S2L1C,global,2022-01-19,6860
S2L1C,global,2022-01-14,9012
S2L1C,global,2022-01-15,8978
S2L1C,global,2022-01-16,8722
S2L1C,global,2022-01-17,9129
S2L1C,global,2022-01-18,8248
S2L1C,global,2022-01-19,6860
S2L1C,global,2022-01-20,6130
S2L1C,global,2022-01-18,8248
S2L1C,global,2022-01-19,6860
S2L1C,global,2022-01-20,9402
S2L1C,global,2022-01-19,6860
S2L1C,global,2022-01-20,9402
S2L1C,global,2022-01-21,5695
S2L1C,global,2022-01-20,9402
S2L1C,global,2022-01-21,5695
S2L1C,global,2022-01-22,9018
S2L1C,global,2022-01-21,5695
S2L1C,global,2022-01-22,9082
S2L1C,global,2022-01-23,9483
S2L1C,global,2022-01-22,9082
S2L1C,global,2022-01-23,9483
S2L1C,global,2022-01-24,8956
S2L1C,global,2022-01-23,9483
S2L1C,global,2022-01-24,9420
S2L1C,global,2022-01-25,9064
S2L1C,global,2022-01-24,9420
S2L1C,global,2022-01-25,9377
S2L1C,global,2022-01-26,9092
S2L1C,global,2022-01-25,9377
S2L1C,global,2022-01-26,9092
S2L1C,global,2022-01-27,9381
S2L1C,global,2022-01-26,9237
S2L1C,global,2022-01-27,9381
S2L1C,global,2022-01-28,9039
S2L1C,global,2022-01-27,9381
S2L1C,global,2022-01-28,9039
S2L1C,global,2022-01-29,9588
S2L1C,global,2022-01-28,9039
S2L1C,global,2022-01-29,9588
S2L1C,global,2022-01-30,9166
S2L1C,global,2022-01-29,9588
S2L1C,global,2022-01-30,9166
S2L1C,global,2022-01-31,9719
S2L1C,global,2022-01-30,9166
S2L1C,global,2022-01-31,9720
S2L1C,global,2022-02-01,9575
S2L1C,global,2022-01-31,9720
S2L1C,global,2022-02-01,9576
S2L1C,global,2022-02-02,9770
S2L1C,global,2022-02-01,9576
S2L1C,global,2022-02-02,9770
S2L1C,global,2022-02-03,9085
S2L1C,global,2022-02-02,9770
S2L1C,global,2022-02-03,9655
S2L1C,global,2022-02-04,9733
S2L1C,global,2022-02-03,9655
S2L1C,global,2022-02-04,9733
S2L1C,global,2022-02-05,9106
S2L1C,global,2022-02-04,9733
S2L1C,global,2022-02-05,9519
S2L1C,global,2022-02-06,9787
S2L1C,global,2022-02-05,9519
S2L1C,global,2022-02-06,9787
S2L1C,global,2022-02-07,9607
S2L1C,global,2022-02-06,9787
S2L1C,global,2022-02-07,9607
S2L1C,global,2022-02-08,9662
S2L1C,global,2022-02-07,9845
S2L1C,global,2022-02-08,9662
S2L1C,global,2022-02-09,10156
S2L1C,global,2022-02-08,9662
S2L1C,global,2022-02-09,10156
S2L1C,global,2022-02-10,10038
S2L1C,global,2022-02-09,10156
S2L1C,global,2022-02-10,10038
S2L1C,global,2022-02-11,10017
S2L1C,global,2022-02-10,10038
S2L1C,global,2022-02-11,10017
S2L1C,global,2022-02-12,10072
S2L1C,global,2022-02-11,10017
S2L1C,global,2022-02-12,10072
S2L1C,global,2022-02-13,10260
S2L1C,global,2022-02-12,10072
S2L1C,global,2022-02-13,10262
S2L1C,global,2022-02-14,10272
S2L1C,global,2022-02-13,10262
S2L1C,global,2022-02-14,10272
S2L1C,global,2022-02-15,9702
S2L1C,global,2022-02-14,10272
S2L1C,global,2022-02-15,10147
S2L1C,global,2022-02-16,10241
S2L1C,global,2022-02-15,10147
S2L1C,global,2022-02-16,10241
S2L1C,global,2022-02-17,9307
S2L1C,global,2022-02-16,10241
S2L1C,global,2022-02-17,9307
S2L1C,global,2022-02-18,8951
S2L1C,global,2022-02-17,9581
S2L1C,global,2022-02-18,9062
S2L1C,global,2022-02-19,10692
S2L1C,global,2022-02-18,9606
S2L1C,global,2022-02-19,10693
S2L1C,global,2022-02-20,7161
S2L1C,global,2022-02-19,10826
S2L1C,global,2022-02-20,10834
S2L1C,global,2022-02-21,10725
S2L1C,global,2022-02-20,10834
S2L1C,global,2022-02-21,10725
S2L1C,global,2022-02-22,10605
S2L1C,global,2022-02-21,10725
S2L1C,global,2022-02-22,10678
S2L1C,global,2022-02-23,10895
S2L1C,global,2022-02-22,10881
S2L1C,global,2022-02-23,10895
S2L1C,global,2022-02-24,10929
S2L1C,global,2022-02-23,10895
S2L1C,global,2022-02-24,10931
S2L1C,global,2022-02-25,10693
S2L1C,global,2022-02-24,10931
S2L1C,global,2022-02-25,10693
S2L1C,global,2022-02-26,10648
S2L1C,global,2022-02-25,10693
S2L1C,global,2022-02-26,10649
S2L1C,global,2022-02-27,10760
S2L1C,global,2022-02-26,10649
S2L1C,global,2022-02-27,10764
S2L1C,global,2022-02-28,10630
S2L1C,global,2022-02-27,10764
S2L1C,global,2022-02-28,10630
S2L1C,global,2022-03-01,11382
S2L1C,global,2022-02-28,10630
S2L1C,global,2022-03-01,11382
S2L1C,global,2022-03-02,11234
S2L1C,global,2022-03-01,11382
S2L1C,global,2022-03-02,11234
S2L1C,global,2022-03-03,10399
S2L1C,global,2022-03-02,11275
S2L1C,global,2022-03-03,11019
S2L1C,global,2022-03-04,11519
S2L1C,global,2022-03-03,11221
S2L1C,global,2022-03-04,11519
S2L1C,global,2022-03-05,11349
S2L1C,global,2022-03-04,11519
S2L1C,global,2022-03-05,11349
S2L1C,global,2022-03-06,11272
S2L1C,global,2022-03-05,11349
S2L1C,global,2022-03-06,11272
S2L1C,global,2022-03-07,11256
S2L1C,global,2022-03-06,11272
S2L1C,global,2022-03-07,11256
S2L1C,global,2022-03-08,11221
S2L1C,global,2022-03-07,11256
S2L1C,global,2022-03-08,11464
S2L1C,global,2022-03-09,11639
S2L1C,global,2022-03-08,11464
S2L1C,global,2022-03-09,11639
S2L1C,global,2022-03-10,11083
S2L1C,global,2022-03-09,11639
S2L1C,global,2022-03-10,11486
S2L1C,global,2022-03-11,11879
S2L1C,global,2022-03-10,11486
S2L1C,global,2022-03-11,11879
S2L1C,global,2022-03-12,11819
S2L1C,global,2022-03-11,11879
S2L1C,global,2022-03-12,11819
S2L1C,global,2022-03-13,11462
S2L1C,global,2022-03-12,11838
S2L1C,global,2022-03-13,11462
S2L1C,global,2022-03-14,11874
S2L1C,global,2022-03-13,11629
S2L1C,global,2022-03-14,12046
S2L1C,global,2022-03-15,11815
S2L1C,global,2022-03-14,12046
S2L1C,global,2022-03-15,11815
S2L1C,global,2022-03-16,11817
S2L1C,global,2022-03-15,11815
S2L1C,global,2022-03-16,11899
S2L1C,global,2022-03-17,11612
S2L1C,global,2022-03-16,11959
S2L1C,global,2022-03-17,11612
S2L1C,global,2022-03-18,12047
S2L1C,global,2022-03-17,11612
S2L1C,global,2022-03-18,12049
S2L1C,global,2022-03-19,11735
S2L1C,global,2022-03-18,12049
S2L1C,global,2022-03-19,11745
S2L1C,global,2022-03-20,11518
S2L1C,global,2022-03-19,11745
S2L1C,global,2022-03-20,11518
S2L1C,global,2022-03-21,12436
S2L1C,global,2022-03-19,11745
S2L1C,global,2022-03-20,11518
S2L1C,global,2022-03-21,12436
S2L1C,global,2022-03-19,11745
S2L1C,global,2022-03-20,11518
S2L1C,global,2022-03-21,12436
S2L1C,global,2022-03-20,11518
S2L1C,global,2022-03-21,12436
S2L1C,global,2022-03-22,12300
S2L1C,global,2022-03-21,12436
S2L1C,global,2022-03-22,12300
S2L1C,global,2022-03-23,11841
S2L1C,global,2022-03-22,12300
S2L1C,global,2022-03-23,11943
S2L1C,global,2022-03-24,12301
S2L1C,global,2022-03-23,11943
S2L1C,global,2022-03-24,12320
S2L1C,global,2022-03-25,11882
S2L1C,global,2022-03-24,12320
S2L1C,global,2022-03-25,11882
S2L1C,global,2022-03-26,12112
S2L1C,global,2022-03-25,11882
S2L1C,global,2022-03-26,12112
S2L1C,global,2022-03-27,11861
S2L1C,global,2022-03-26,12112
S2L1C,global,2022-03-27,11861
S2L1C,global,2022-03-28,12230
S2L1C,global,2022-03-27,12264
S2L1C,global,2022-03-28,12230
S2L1C,global,2022-03-29,12241
S2L1C,global,2022-03-28,12230
S2L1C,global,2022-03-29,12255
S2L1C,global,2022-03-30,12011
S2L1C,global,2022-03-29,12291
S2L1C,global,2022-03-30,12013
S2L1C,global,2022-03-31,12618
S2L1C,global,2022-03-30,12013
S2L1C,global,2022-03-31,12618
S2L1C,global,2022-04-01,12553
S2L1C,global,2022-03-31,12618
S2L1C,global,2022-04-01,12553
S2L1C,global,2022-04-02,11874
S2L1C,global,2022-04-01,12553
S2L1C,global,2022-04-02,11874
S2L1C,global,2022-04-03,12523
S2L1C,global,2022-04-02,12290
S2L1C,global,2022-04-03,12528
S2L1C,global,2022-04-04,12343
S2L1C,global,2022-04-03,12528
S2L1C,global,2022-04-04,12349
S2L1C,global,2022-04-05,12298
S2L1C,global,2022-07-04,12558
S2L1C,global,2022-07-05,11268
S2L1C,global,2022-07-06,11713
S2L1C,global,2022-07-04,12558
S2L1C,global,2022-07-05,11268
S2L1C,global,2022-07-06,11880
S2L1C,global,2022-07-05,11268
S2L1C,global,2022-07-06,11880
S2L1C,global,2022-07-07,11228
S2L1C,global,2022-04-05,0
S2L1C,global,2022-04-06,0
S2L1C,global,2022-04-07,0
S2L1C,global,2022-04-08,0
S2L1C,global,2022-04-09,0
S2L1C,global,2022-04-10,0
S2L1C,global,2022-04-11,0
S2L1C,global,2022-04-12,0
S2L1C,global,2022-04-13,0
S2L1C,global,2022-04-14,0
S2L1C,global,2022-04-15,0
S2L1C,global,2022-04-16,0
S2L1C,global,2022-04-17,0
S2L1C,global,2022-04-18,0
S2L1C,global,2022-04-19,0
S2L1C,global,2022-04-20,0
S2L1C,global,2022-04-21,0
S2L1C,global,2022-04-22,0
S2L1C,global,2022-04-23,0
S2L1C,global,2022-04-24,0
S2L1C,global,2022-04-25,0
S2L1C,global,2022-04-26,0
S2L1C,global,2022-04-27,0
S2L1C,global,2022-04-28,0
S2L1C,global,2022-04-29,0
S2L1C,global,2022-04-30,0
S2L1C,global,2022-05-01,0
S2L1C,global,2022-05-02,0
S2L1C,global,2022-05-03,0
S2L1C,global,2022-05-04,0
S2L1C,global,2022-05-05,0
S2L1C,global,2022-05-06,0
S2L1C,global,2022-05-07,0
S2L1C,global,2022-05-08,0
S2L1C,global,2022-05-09,0
S2L1C,global,2022-05-10,0
S2L1C,global,2022-05-11,155
S2L1C,global,2022-05-12,0
S2L1C,global,2022-05-13,238
S2L1C,global,2022-05-14,0
S2L1C,global,2022-05-15,0
S2L1C,global,2022-05-16,0
S2L1C,global,2022-05-17,152
S2L1C,global,2022-05-18,207
S2L1C,global,2022-05-19,0
S2L1C,global,2022-05-20,0
S2L1C,global,2022-05-21,41
S2L1C,global,2022-05-22,0
S2L1C,global,2022-05-23,0
S2L1C,global,2022-05-24,133
S2L1C,global,2022-05-25,0
S2L1C,global,2022-05-26,196
S2L1C,global,2022-05-27,0
S2L1C,global,2022-05-28,0
S2L1C,global,2022-05-29,259
S2L1C,global,2022-05-30,283
S2L1C,global,2022-05-31,155
S2L1C,global,2022-06-01,209
S2L1C,global,2022-06-02,415
S2L1C,global,2022-06-03,213
S2L1C,global,2022-06-04,24
S2L1C,global,2022-06-05,0
S2L1C,global,2022-06-06,203
S2L1C,global,2022-06-07,12305
S2L1C,global,2022-06-08,12204
S2L1C,global,2022-06-09,12637
S2L1C,global,2022-06-10,12284
S2L1C,global,2022-06-11,12079
S2L1C,global,2022-06-12,12587
S2L1C,global,2022-06-13,11319
S2L1C,global,2022-06-14,12294
S2L1C,global,2022-06-15,12475
S2L1C,global,2022-06-16,12676
S2L1C,global,2022-06-17,12948
S2L1C,global,2022-06-18,12799
S2L1C,global,2022-06-19,12779
S2L1C,global,2022-06-20,12365
S2L1C,global,2022-06-21,12265
S2L1C,global,2022-06-22,12537
S2L1C,global,2022-06-23,12457
S2L1C,global,2022-06-24,12353
S2L1C,global,2022-06-25,12564
S2L1C,global,2022-06-26,12698
S2L1C,global,2022-06-27,12874
S2L1C,global,2022-06-28,12503
S2L1C,global,2022-06-29,12697
S2L1C,global,2022-06-30,12116
S2L1C,global,2022-07-01,12519
S2L1C,global,2022-07-02,12974
S2L1C,global,2022-07-03,12739
S2L1C,global,2022-07-04,12558
S2L1C,global,2022-07-05,11268
S2L1C,global,2022-07-06,11880
S2L1C,global,2022-07-07,11228
S2L1C,global,2022-07-05,11459
S2L1C,global,2022-07-06,11956
S2L1C,global,2022-07-07,11228
S2L1C,global,2022-07-06,12765
S2L1C,global,2022-07-07,12911
S2L1C,global,2022-07-08,9895
S2L1C,global,2022-07-07,12911
S2L1C,global,2022-07-08,12838
S2L1C,global,2022-07-09,12426
S2L1C,global,2022-07-08,12838
S2L1C,global,2022-07-09,12426
S2L1C,global,2022-07-10,12656
S2L1C,global,2022-07-09,12426
S2L1C,global,2022-07-10,12656
S2L1C,global,2022-07-11,12432
S2L1C,global,2022-07-10,12656
S2L1C,global,2022-07-11,12433
S2L1C,global,2022-07-12,12326
S2L1C,global,2022-07-11,12433
S2L1C,global,2022-07-12,12735
S2L1C,global,2022-07-13,12205
S2L1C,global,2022-07-12,12735
S2L1C,global,2022-07-13,12205
S2L1C,global,2022-07-14,12066
S2L1C,global,2022-07-13,12205
S2L1C,global,2022-07-14,12477
S2L1C,global,2022-07-15,12449
S2L1C,global,2022-07-14,12477
S2L1C,global,2022-07-15,12766
S2L1C,global,2022-07-16,12149
S2L1C,global,2022-07-15,12766
S2L1C,global,2022-07-16,12149
S2L1C,global,2022-07-17,5906
S2L1C,global,2022-07-16,12149
S2L1C,global,2022-07-17,6296
S2L1C,global,2022-07-18,6141
S2L1C,global,2022-07-17,7665
S2L1C,global,2022-07-18,7191
S2L1C,global,2022-07-19,7323
S2L1C,global,2022-07-18,7191
S2L1C,global,2022-07-19,7323
S2L1C,global,2022-07-20,11819
S2L1C,global,2022-07-18,7191
S2L1C,global,2022-07-19,7323
S2L1C,global,2022-07-20,11819
S2L1C,global,2022-07-18,7191
S2L1C,global,2022-07-19,7323
S2L1C,global,2022-07-20,11819
S2L1C,global,2022-07-19,7323
S2L1C,global,2022-07-20,11819
S2L1C,global,2022-07-21,12650
S2L1C,global,2022-07-19,7323
S2L1C,global,2022-07-20,11819
S2L1C,global,2022-07-21,12725
S2L1C,global,2022-07-19,7323
S2L1C,global,2022-07-20,11819
S2L1C,global,2022-07-21,12750
S2L1C,global,2022-07-20,11819
S2L1C,global,2022-07-21,12750
S2L1C,global,2022-07-22,12733
S2L1C,global,2022-07-21,12750
S2L1C,global,2022-07-22,12932
S2L1C,global,2022-07-23,12460
S2L1C,global,2022-07-22,12932
S2L1C,global,2022-07-23,12738
S2L1C,global,2022-07-24,12617
S2L1C,global,2022-07-23,12738
S2L1C,global,2022-07-24,12617
S2L1C,global,2022-07-25,12340
S2L1C,global,2022-07-24,12878
S2L1C,global,2022-07-25,12684
S2L1C,global,2022-07-26,12238
S2L1C,global,2022-07-25,12684
S2L1C,global,2022-07-26,12238
S2L1C,global,2022-07-27,12882
S2L1C,global,2022-07-26,12238
S2L1C,global,2022-07-27,12944
S2L1C,global,2022-07-28,12377
S2L1C,global,2022-07-28,12813
S2L1C,global,2022-07-29,12957
S2L1C,global,2022-07-30,3419
S2L1C,global,2022-07-29,12957
S2L1C,global,2022-07-30,5517
S2L1C,global,2022-07-31,0
S2L1C,global,2022-07-30,7031
S2L1C,global,2022-07-31,0
S2L1C,global,2022-08-01,0
S2L1C,global,2022-07-31,0
S2L1C,global,2022-08-01,0
S2L1C,global,2022-08-02,0
S2L1C,global,2022-08-01,0
S2L1C,global,2022-08-02,0
S2L1C,global,2022-08-03,0
S2L1C,global,2022-07-25,12684
S2L1C,global,2022-07-26,12238
S2L1C,global,2022-07-27,12944
S2L1C,global,2022-07-28,12813
S2L1C,global,2022-07-29,12957
S2L1C,global,2022-07-30,9064
S2L1C,global,2022-07-31,0
S2L1C,global,2022-08-01,722
S2L1C,global,2022-08-02,0
S2L1C,global,2022-08-03,0
S2L1C,global,2022-07-25,12684
S2L1C,global,2022-07-26,12238
S2L1C,global,2022-07-27,12944
S2L1C,global,2022-07-28,12813
S2L1C,global,2022-07-29,12957
S2L1C,global,2022-07-30,9217
S2L1C,global,2022-07-31,132
S2L1C,global,2022-08-01,866
S2L1C,global,2022-08-02,0
S2L1C,global,2022-08-03,0
S2L1C,global,2022-07-25,12684
S2L1C,global,2022-07-26,12238
S2L1C,global,2022-07-27,12944
S2L1C,global,2022-07-28,12813
S2L1C,global,2022-07-29,12957
S2L1C,global,2022-07-30,9217
S2L1C,global,2022-07-31,132
S2L1C,global,2022-08-01,866
S2L1C,global,2022-08-02,0
S2L1C,global,2022-08-03,0
S2L1C,global,2022-07-25,12684
S2L1C,global,2022-07-26,12238
S2L1C,global,2022-07-27,12944
S2L1C,global,2022-07-28,12813
S2L1C,global,2022-07-29,12957
S2L1C,global,2022-07-30,9217
S2L1C,global,2022-07-31,580
S2L1C,global,2022-08-01,866
S2L1C,global,2022-08-02,0
S2L1C,global,2022-08-03,0
S2L1C,global,2022-07-25,12684
S2L1C,global,2022-07-26,12238
S2L1C,global,2022-07-27,12944
S2L1C,global,2022-07-28,12813
S2L1C,global,2022-07-29,12957
S2L1C,global,2022-07-30,9217
S2L1C,global,2022-07-31,1218
S2L1C,global,2022-08-01,866
S2L1C,global,2022-08-02,0
S2L1C,global,2022-08-03,0
S2L1C,global,2022-08-02,1452
S2L1C,global,2022-08-03,1336
S2L1C,global,2022-08-04,1427
S2L1C,global,2022-07-26,12238
S2L1C,global,2022-07-27,12944
S2L1C,global,2022-07-28,12813
S2L1C,global,2022-07-29,12957
S2L1C,global,2022-07-30,9217
S2L1C,global,2022-07-31,1393
S2L1C,global,2022-08-01,1362
S2L1C,global,2022-08-02,1452
S2L1C,global,2022-08-03,1336
S2L1C,global,2022-08-04,1427
S2L1C,global,2022-08-03,1336
S2L1C,global,2022-08-04,1483
S2L1C,global,2022-08-05,10263
S2L1C,global,2022-08-04,1483
S2L1C,global,2022-08-05,10885
S2L1C,global,2022-08-06,12775
S2L1C,global,2022-08-05,10885
S2L1C,global,2022-08-06,12874
S2L1C,global,2022-08-07,12158
S2L1C,global,2022-08-06,12874
S2L1C,global,2022-08-07,12874
S2L1C,global,2022-08-08,12793
S2L1C,global,2022-08-07,12874
S2L1C,global,2022-08-08,12842
S2L1C,global,2022-08-09,12230
S2L1C,global,2022-08-08,12842
S2L1C,global,2022-08-09,12526
S2L1C,global,2022-08-10,12353
S2L1C,global,2022-08-09,12526
S2L1C,global,2022-08-10,12519
S2L1C,global,2022-08-11,12733
S2L1C,global,2022-08-10,12519
S2L1C,global,2022-08-11,12932
S2L1C,global,2022-08-12,12022
S2L1C,global,2022-08-11,12932
S2L1C,global,2022-08-12,12642
S2L1C,global,2022-08-13,13002
S2L1C,global,2022-08-12,12642
S2L1C,global,2022-08-13,13003
S2L1C,global,2022-08-14,12528
S2L1C,global,2022-08-13,13003
S2L1C,global,2022-08-14,12716
S2L1C,global,2022-08-15,12411
S2L1C,global,2022-08-14,12716
S2L1C,global,2022-08-15,12564
S2L1C,global,2022-08-16,10012
S2L1C,global,2022-08-15,12564
S2L1C,global,2022-08-16,10012
S2L1C,global,2022-08-17,12348
S2L1C,global,2022-08-16,10012
S2L1C,global,2022-08-17,12349
S2L1C,global,2022-08-18,12054
S2L1C,global,2022-08-17,12349
S2L1C,global,2022-08-18,12197
S2L1C,global,2022-08-19,11471
S2L1C,global,2022-08-18,12197
S2L1C,global,2022-08-19,11471
S2L1C,global,2022-08-20,7734
S2L1C,global,2022-08-19,11471
S2L1C,global,2022-08-20,11041
S2L1C,global,2022-08-21,9280
S2L1C,global,2022-08-16,10012
S2L1C,global,2022-08-17,12349
S2L1C,global,2022-08-18,12197
S2L1C,global,2022-08-19,11471
S2L1C,global,2022-08-20,11041
S2L1C,global,2022-08-21,11461
S2L1C,global,2022-08-16,10012
S2L1C,global,2022-08-17,12349
S2L1C,global,2022-08-18,12197
S2L1C,global,2022-08-19,11471
S2L1C,global,2022-08-20,11041
S2L1C,global,2022-08-21,11706
S2L1C,global,2022-08-16,10012
S2L1C,global,2022-08-17,12349
S2L1C,global,2022-08-18,12197
S2L1C,global,2022-08-19,11471
S2L1C,global,2022-08-20,11041
S2L1C,global,2022-08-21,11965
S2L1C,global,2022-08-20,11300
S2L1C,global,2022-08-21,12662
S2L1C,global,2022-08-22,11067
S2L1C,global,2022-08-21,12901
S2L1C,global,2022-08-22,12127
S2L1C,global,2022-08-23,11432
S2L1C,global,2022-08-22,12544
S2L1C,global,2022-08-23,11885
S2L1C,global,2022-08-24,11758
S2L1C,global,2022-08-15,12564
S2L1C,global,2022-08-16,10012
S2L1C,global,2022-08-17,12349
S2L1C,global,2022-08-18,13040
S2L1C,global,2022-08-19,12333
S2L1C,global,2022-08-20,11395
S2L1C,global,2022-08-21,12986
S2L1C,global,2022-08-22,12544
S2L1C,global,2022-08-23,11885
S2L1C,global,2022-08-24,12257
S2L1C,global,2022-08-23,12196
S2L1C,global,2022-08-24,12430
S2L1C,global,2022-08-25,10966
S2L1C,global,2022-08-24,12508
S2L1C,global,2022-08-25,11797
S2L1C,global,2022-08-26,11626
S2L1C,global,2022-08-25,11797
S2L1C,global,2022-08-26,12990
S2L1C,global,2022-08-27,12128
S2L1C,global,2022-08-26,12990
S2L1C,global,2022-08-27,12438
S2L1C,global,2022-08-28,12430
S2L1C,global,2022-08-26,12990
S2L1C,global,2022-08-27,12438
S2L1C,global,2022-08-28,12885
S2L1C,global,2022-08-27,12438
S2L1C,global,2022-08-28,13078
S2L1C,global,2022-08-29,12132
S2L1C,global,2022-08-28,13078
S2L1C,global,2022-08-29,12692
S2L1C,global,2022-08-30,12589
S2L1C,global,2022-08-29,12692
S2L1C,global,2022-08-30,12847
S2L1C,global,2022-08-31,12711
S2L1C,global,2022-08-30,12847
S2L1C,global,2022-08-31,12932
S2L1C,global,2022-09-01,12520
S2L1C,global,2022-08-31,12932
S2L1C,global,2022-09-01,12680
S2L1C,global,2022-09-02,12496
S2L1C,global,2022-09-01,12680
S2L1C,global,2022-09-02,12695
S2L1C,global,2022-09-03,12141
S2L1C,global,2022-09-02,12695
S2L1C,global,2022-09-03,12636
S2L1C,global,2022-09-04,11832
S2L1C,global,2022-08-30,12847
S2L1C,global,2022-08-31,12932
S2L1C,global,2022-09-01,12680
S2L1C,global,2022-09-02,12695
S2L1C,global,2022-09-03,12636
S2L1C,global,2022-09-04,12356
S2L1C,global,2022-09-03,12636
S2L1C,global,2022-09-04,12636
S2L1C,global,2022-09-05,11933
S2L1C,global,2022-09-04,12636
S2L1C,global,2022-09-05,13036
S2L1C,global,2022-09-06,12188
S2L1C,global,2022-09-05,13036
S2L1C,global,2022-09-06,12508
S2L1C,global,2022-09-07,10202
S2L1C,global,2022-09-06,12760
S2L1C,global,2022-09-07,12997
S2L1C,global,2022-09-08,8842
S2L1C,global,2022-09-07,13122
S2L1C,global,2022-09-08,12451
S2L1C,global,2022-09-09,12201
S2L1C,global,2022-09-08,12451
S2L1C,global,2022-09-09,13031
S2L1C,global,2022-09-10,12563
S2L1C,global,2022-09-09,13031
S2L1C,global,2022-09-10,13044
S2L1C,global,2022-09-11,12902
S2L1C,global,2022-09-10,13044
S2L1C,global,2022-09-11,12925
S2L1C,global,2022-09-12,11505
S2L1C,global,2022-09-11,12925
S2L1C,global,2022-09-12,12846
S2L1C,global,2022-09-13,11945
S2L1C,global,2022-09-12,12846
S2L1C,global,2022-09-13,12964
S2L1C,global,2022-09-14,12728
S2L1C,global,2022-09-13,12964
S2L1C,global,2022-09-14,12728
S2L1C,global,2022-09-15,12172
S2L1C,global,2022-09-14,12728
S2L1C,global,2022-09-15,12935
S2L1C,global,2022-09-16,11049
S2L1C,global,2022-09-15,12935
S2L1C,global,2022-09-16,12505
S2L1C,global,2022-09-17,11403
S2L1C,global,2022-09-16,12505
S2L1C,global,2022-09-17,12580
S2L1C,global,2022-09-18,11085
S2L1C,global,2022-09-16,12505
S2L1C,global,2022-09-17,12580
S2L1C,global,2022-09-18,11981
S2L1C,global,2022-09-19,765
S2L1C,global,2022-09-16,12505
S2L1C,global,2022-09-17,12580
S2L1C,global,2022-09-18,12138
S2L1C,global,2022-09-19,1007
S2L1C,global,2022-09-17,12580
S2L1C,global,2022-09-18,12426
S2L1C,global,2022-09-19,11362
S2L1C,global,2022-09-17,12580
S2L1C,global,2022-09-18,12428
S2L1C,global,2022-09-19,12148
S2L1C,global,2022-09-20,1180
S2L1C,global,2022-09-18,12429
S2L1C,global,2022-09-19,12896
S2L1C,global,2022-09-20,8222
S2L1C,global,2022-09-18,12429
S2L1C,global,2022-09-19,12896
S2L1C,global,2022-09-20,9101
S2L1C,global,2022-09-21,701
S2L1C,global,2022-09-18,12429
S2L1C,global,2022-09-19,12896
S2L1C,global,2022-09-20,9569
S2L1C,global,2022-09-21,1231
S2L1C,global,2022-09-18,12429
S2L1C,global,2022-09-19,12896
S2L1C,global,2022-09-20,10562
S2L1C,global,2022-09-21,1752
S2L1C,global,2022-09-18,12429
S2L1C,global,2022-09-19,12896
S2L1C,global,2022-09-20,10962
S2L1C,global,2022-09-21,1825
S2L1C,global,2022-09-18,12429
S2L1C,global,2022-09-19,12896
S2L1C,global,2022-09-20,11102
S2L1C,global,2022-09-21,1940
S2L1C,global,2022-09-19,12896
S2L1C,global,2022-09-20,12361
S2L1C,global,2022-09-21,11420
S2L1C,global,2022-09-20,12604
S2L1C,global,2022-09-21,12287
S2L1C,global,2022-09-22,9914
S2L1C,global,2022-09-20,12604
S2L1C,global,2022-09-21,12287
S2L1C,global,2022-09-22,10809
S2L1C,global,2022-09-23,1058
S2L1C,global,2022-09-20,12604
S2L1C,global,2022-09-21,12287
S2L1C,global,2022-09-22,11724
S2L1C,global,2022-09-23,1808
S2L1C,global,2022-09-20,12604
S2L1C,global,2022-09-21,12287
S2L1C,global,2022-09-22,11849
S2L1C,global,2022-09-23,2926
S2L1C,global,2022-09-21,12287
S2L1C,global,2022-09-22,11849
S2L1C,global,2022-09-23,10781
S2L1C,global,2022-09-22,11849
S2L1C,global,2022-09-23,12282
S2L1C,global,2022-09-24,11521
S2L1C,global,2022-09-23,12282
S2L1C,global,2022-09-24,12443
S2L1C,global,2022-09-25,12765
S2L1C,global,2022-09-24,12443
S2L1C,global,2022-09-25,12838
S2L1C,global,2022-09-26,11950
S2L1C,global,2022-09-25,12838
S2L1C,global,2022-09-26,11999
S2L1C,global,2022-09-27,12332
S2L1C,global,2022-09-26,11999
S2L1C,global,2022-09-27,12332
S2L1C,global,2022-09-28,11950
S2L1C,global,2022-09-27,12332
S2L1C,global,2022-09-28,11950
S2L1C,global,2022-09-29,12529
S2L1C,global,2022-09-28,11950
S2L1C,global,2022-09-29,12529
S2L1C,global,2022-09-30,11739
S2L1C,global,2022-09-29,12529
S2L1C,global,2022-09-30,12053
S2L1C,global,2022-10-01,12456
S2L1C,global,2022-09-30,12053
S2L1C,global,2022-10-01,12456
S2L1C,global,2022-10-02,11608
S2L1C,global,2022-10-01,12456
S2L1C,global,2022-10-02,11608
S2L1C,global,2022-10-03,12377
S2L1C,global,2022-10-02,11608
S2L1C,global,2022-10-03,12377
S2L1C,global,2022-10-04,11273
S2L1C,global,2022-10-03,12377
S2L1C,global,2022-10-04,11273
S2L1C,global,2022-10-05,11138
S2L1C,global,2022-10-04,11273
S2L1C,global,2022-10-05,12408
S2L1C,global,2022-10-06,11356
S2L1C,global,2022-10-05,12408
S2L1C,global,2022-10-06,11492
S2L1C,global,2022-10-07,12395
S2L1C,global,2022-10-06,11492
S2L1C,global,2022-10-07,12395
S2L1C,global,2022-10-08,11368
S2L1C,global,2022-10-07,12395
S2L1C,global,2022-10-08,11368
S2L1C,global,2022-10-09,11869
S2L1C,global,2022-10-08,11368
S2L1C,global,2022-10-09,11869
S2L1C,global,2022-10-10,11671
S2L1C,global,2022-10-09,11869
S2L1C,global,2022-10-10,11671
S2L1C,global,2022-10-11,11855
S2L1C,global,2022-10-10,11671
S2L1C,global,2022-10-11,11855
S2L1C,global,2022-10-12,11544
S2L1C,global,2022-10-11,11855
S2L1C,global,2022-10-12,11544
S2L1C,global,2022-10-13,10599
S2L1C,global,2022-10-12,11544
S2L1C,global,2022-10-13,11844
S2L1C,global,2022-10-14,10885
S2L1C,global,2022-10-13,11844
S2L1C,global,2022-10-14,10885
S2L1C,global,2022-10-15,11985
S2L1C,global,2022-10-14,10885
S2L1C,global,2022-10-15,12104
S2L1C,global,2022-10-16,11146
S2L1C,global,2022-10-15,12104
S2L1C,global,2022-10-16,11146
S2L1C,global,2022-10-17,12017
S2L1C,global,2022-10-16,11146
S2L1C,global,2022-10-17,12017
S2L1C,global,2022-10-18,10784
S2L1C,global,2022-10-17,12017
S2L1C,global,2022-10-18,11033
S2L1C,global,2022-10-19,11611
S2L1C,global,2022-10-18,11033
S2L1C,global,2022-10-19,11770
S2L1C,global,2022-10-20,10516
S2L1C,global,2022-10-19,11770
S2L1C,global,2022-10-20,10809
S2L1C,global,2022-10-21,11392
S2L1C,global,2022-10-20,10809
S2L1C,global,2022-10-21,11671
S2L1C,global,2022-10-22,10371
S2L1C,global,2022-10-21,11671
S2L1C,global,2022-10-22,10371
S2L1C,global,2022-10-23,11429
S2L1C,global,2022-10-22,10371
S2L1C,global,2022-10-23,11429
S2L1C,global,2022-10-24,8971
S2L1C,global,2022-10-23,11429
S2L1C,global,2022-10-24,10376
S2L1C,global,2022-10-25,6018
S2L1C,global,2022-10-24,10376
S2L1C,global,2022-10-25,7596
S2L1C,global,2022-10-26,2030
S2L1C,global,2022-10-25,8093
S2L1C,global,2022-10-26,2030
S2L1C,global,2022-10-27,7159
S2L1C,global,2022-10-26,2030
S2L1C,global,2022-10-27,7800
S2L1C,global,2022-10-28,10074
S2L1C,global,2022-10-27,7800
S2L1C,global,2022-10-28,10152
S2L1C,global,2022-10-29,11035
S2L1C,global,2022-10-28,10152
S2L1C,global,2022-10-29,11035
S2L1C,global,2022-10-30,9620
S2L1C,global,2022-10-29,11035
S2L1C,global,2022-10-30,9620
S2L1C,global,2022-10-31,10790
S2L1C,global,2022-10-30,9620
S2L1C,global,2022-10-31,10790
S2L1C,global,2022-11-01,10337
S2L1C,global,2022-10-31,10790
S2L1C,global,2022-11-01,10337
S2L1C,global,2022-11-02,10708
S2L1C,global,2022-11-01,10337
S2L1C,global,2022-11-02,10788
S2L1C,global,2022-11-03,9780
S2L1C,global,2022-11-02,10788
S2L1C,global,2022-11-03,10120
S2L1C,global,2022-11-04,9790
S2L1C,global,2022-11-03,10120
S2L1C,global,2022-11-04,10926
S2L1C,global,2022-11-05,7094
S2L1C,global,2022-11-04,10933
S2L1C,global,2022-11-05,9663
S2L1C,global,2022-11-06,8214
S2L1C,global,2022-11-05,9663
S2L1C,global,2022-11-06,10779
S2L1C,global,2022-11-07,6965
S2L1C,global,2022-11-06,10779
S2L1C,global,2022-11-07,6991
S2L1C,global,2022-11-08,8340
S2L1C,global,2022-11-07,6991
S2L1C,global,2022-11-08,8340
S2L1C,global,2022-11-09,9036
S2L1C,global,2022-11-08,8340
S2L1C,global,2022-11-09,9036
S2L1C,global,2022-11-10,9160
S2L1C,global,2022-11-09,9036
S2L1C,global,2022-11-10,10480
S2L1C,global,2022-11-11,9748
S2L1C,global,2022-11-10,10480
S2L1C,global,2022-11-11,9748
S2L1C,global,2022-11-12,9074
S2L1C,global,2022-11-11,9748
S2L1C,global,2022-11-12,10222
S2L1C,global,2022-11-13,9386
S2L1C,global,2022-11-12,10396
S2L1C,global,2022-11-13,9762
S2L1C,global,2022-11-14,10289
S2L1C,global,2022-11-13,9762
S2L1C,global,2022-11-14,10376
S2L1C,global,2022-11-15,9478
S2L1C,global,2022-11-14,10376
S2L1C,global,2022-11-15,9479
S2L1C,global,2022-11-16,10538
S2L1C,global,2022-11-15,9479
S2L1C,global,2022-11-16,10538
S2L1C,global,2022-11-17,9412
S2L1C,global,2022-11-16,10538
S2L1C,global,2022-11-17,9412
S2L1C,global,2022-11-18,9802
