2021-09-28,MSIL1C,synchronized,32.55930021032691,70,75.34296277777777
2021-09-28,Unknown,deleted,0.0,1,0.0
2021-09-29,MSIL1C,synchronized,4876.3139834553,10308,8.067870416666667
2021-09-29,Unknown,deleted,0.0,10,0.0
2021-09-30,MSIL1C,synchronized,5447.744982998818,11580,3.5619643055555557
2021-09-30,Unknown,deleted,0.0,142,0.0
2021-10-01,MSIL1C,synchronized,5315.140195766464,11461,3.629347777777778
2021-10-01,Unknown,deleted,0.0,259,0.0
2021-10-02,MSIL1C,synchronized,5057.557068165392,10839,3.9565019444444443
2021-10-02,Unknown,deleted,0.0,901,0.0
2021-10-03,MSIL1C,synchronized,5333.128458881751,11329,3.5960983333333334
2021-10-03,Unknown,deleted,0.0,529,0.0
2021-10-04,MSIL1C,synchronized,5214.023213702254,11145,3.536723888888889
2021-10-04,Unknown,deleted,0.0,726,0.0
2021-10-05,MSIL1C,synchronized,4335.479731169529,9240,4.257430277777778
2021-10-05,Unknown,deleted,0.0,621,0.0
2021-10-06,MSIL1C,synchronized,4095.6961867110804,8810,3.7125468055555557
2021-10-06,Unknown,deleted,0.0,763,0.0
2021-10-07,MSIL1C,synchronized,617.5230716140941,1361,15.4376075
2021-10-07,Unknown,deleted,0.0,126,0.0
2021-10-08,MSIL1C,synchronized,5957.829174407758,12723,31.476813055555557
2021-10-08,Unknown,deleted,0.0,546,0.0
2021-10-09,MSIL1C,synchronized,10437.10907416325,22214,13.030446805555556
2021-10-09,Unknown,deleted,0.0,1134,0.0
2021-10-10,MSIL1C,synchronized,5257.4260052917525,11238,3.5070730555555554
2021-10-10,Unknown,deleted,0.0,430,0.0
2021-10-11,MSIL1C,synchronized,5081.166813578457,10865,3.320988611111111
2021-10-11,Unknown,deleted,0.0,561,0.0
2021-10-12,MSIL1C,synchronized,5127.082736801356,10966,3.5756273611111107
2021-10-12,Unknown,deleted,0.0,385,0.0
2021-10-13,MSIL1C,synchronized,5268.852982456796,11193,3.6646855555555558
2021-10-13,Unknown,deleted,0.0,365,0.0
2021-10-14,MSIL1C,synchronized,3251.7721595428884,6822,6.08359125
2021-10-14,Unknown,deleted,0.0,8,0.0
2021-10-15,MSIL1C,synchronized,3835.1466467333958,8220,16.649436388888887
2021-10-15,Unknown,deleted,0.0,2,0.0
2021-10-16,MSIL1C,synchronized,5258.076122035272,11197,16.358254444444444
2021-10-16,Unknown,deleted,0.0,167,0.0
2021-10-17,MSIL1C,synchronized,5560.29113774281,11762,15.891609444444445
2021-10-17,Unknown,deleted,0.0,225,0.0
2021-10-18,MSIL1C,synchronized,7443.783797817305,15838,11.283381805555555
2021-10-18,Unknown,deleted,0.0,804,0.0
2021-10-19,MSIL1C,synchronized,4904.479457898065,10549,3.3897091666666666
2021-10-19,Unknown,deleted,0.0,47,0.0
2021-10-20,MSIL1C,synchronized,3389.548905359581,7185,10.24417888888889
2021-10-20,Unknown,deleted,0.0,76107,0.0
2021-10-21,MSIL1C,synchronized,6656.951606236398,14203,4.416794444444444
2021-10-21,Unknown,deleted,0.0,9127,0.0
2021-10-22,MSIL1C,synchronized,4899.316190776415,10427,3.3178763888888887
2021-10-22,Unknown,deleted,0.0,1852,0.0
2021-10-23,MSIL1C,synchronized,5056.114871335216,10630,3.3732019444444443
2021-10-23,Unknown,deleted,0.0,12813,0.0
2021-10-24,MSIL1C,synchronized,4903.5174170723185,10362,3.359490138888889
2021-10-24,Unknown,deleted,0.0,22403,0.0
2021-10-25,MSIL1C,synchronized,4906.861301526427,10410,3.670642777777778
2021-10-25,Unknown,deleted,0.0,11380,0.0
2021-10-26,MSIL1C,synchronized,4684.056131685153,9994,3.4188658333333333
2021-10-26,Unknown,deleted,0.0,11330,0.0
2021-10-27,MSIL1C,synchronized,4584.545998270623,9736,3.4340497222222224
2021-10-27,Unknown,deleted,0.0,11734,0.0
2021-10-28,MSIL1C,synchronized,4451.449962729588,9409,3.5689455555555556
2021-10-28,Unknown,deleted,0.0,12014,0.0
2021-10-29,MSIL1C,synchronized,4608.932764756493,9683,3.604722222222222
2021-10-29,Unknown,deleted,0.0,7376,0.0
2021-10-30,MSIL1C,synchronized,4662.548179709353,9783,3.2819294444444442
2021-10-30,Unknown,deleted,0.0,8432,0.0
2021-10-31,MSIL1C,synchronized,4646.800181203522,9831,3.148238888888889
2021-10-31,Unknown,deleted,0.0,11416,0.0
2021-11-01,MSIL1C,synchronized,3906.1615982614458,8239,3.4388525000000003
2021-11-01,Unknown,deleted,0.0,11918,0.0
2021-11-02,MSIL1C,synchronized,2325.417971775867,4788,3.516356388888889
2021-11-02,Unknown,deleted,0.0,15770,0.0
2021-11-03,MSIL1C,synchronized,711.5901542976499,1460,24.14910097222222
2021-11-03,Unknown,deleted,0.0,10639,0.0
2021-11-04,MSIL1C,synchronized,5296.978200108744,11249,39.96539694444444
2021-11-04,Unknown,deleted,0.0,7454,0.0
2021-11-05,MSIL1C,synchronized,7824.744185231626,16684,17.02135138888889
2021-11-05,Unknown,deleted,0.0,14661,0.0
2021-11-06,MSIL1C,synchronized,3407.1299754083157,7233,3.417879722222222
2021-11-06,Unknown,deleted,0.0,10369,0.0
2021-11-07,MSIL1C,synchronized,3570.3583210632205,7699,3.492898055555556
2021-11-07,Unknown,deleted,0.0,10907,0.0
2021-11-08,MSIL1C,synchronized,4034.02633169014,8507,3.3970980555555554
2021-11-08,Unknown,deleted,0.0,10767,0.0
2021-11-09,MSIL1C,synchronized,3679.1165550565347,7881,3.062822222222222
2021-11-09,Unknown,deleted,0.0,10519,0.0
2021-11-10,MSIL1C,synchronized,5140.8628305550665,10775,3.501807222222222
2021-11-10,Unknown,deleted,0.0,10021,0.0
2021-11-11,MSIL1C,synchronized,5153.623184770346,10879,3.477879722222222
2021-11-11,Unknown,deleted,0.0,10194,0.0
2021-11-12,MSIL1C,synchronized,4445.301665428095,9496,3.2328979166666665
2021-11-12,Unknown,deleted,0.0,9824,0.0
2021-11-13,MSIL1C,synchronized,4769.773936976679,10078,3.2718854166666667
2021-11-13,Unknown,deleted,0.0,10020,0.0
2021-11-14,MSIL1C,synchronized,4716.724653582089,9910,3.451086527777778
2021-11-14,Unknown,deleted,0.0,10490,0.0
2021-11-15,MSIL1C,synchronized,4427.371290994808,9435,3.358436111111111
2021-11-15,Unknown,deleted,0.0,10598,0.0
2021-11-16,MSIL1C,synchronized,4488.247926857322,9509,3.1376397222222225
2021-11-16,Unknown,deleted,0.0,8499,0.0
2021-11-17,MSIL1C,synchronized,4257.40890894644,8948,3.322031527777778
2021-11-17,Unknown,deleted,0.0,3848,0.0
2021-11-18,MSIL1C,synchronized,1041.0440596789122,2277,5.430846944444444
2021-11-18,Unknown,deleted,0.0,22,0.0
2021-11-19,MSIL1C,synchronized,2687.3092374885455,5631,11.612664166666667
2021-11-19,Unknown,deleted,0.0,369,0.0
2021-11-20,MSIL1C,synchronized,680.5532460389659,1369,25.00740722222222
2021-11-20,Unknown,deleted,0.0,8,0.0
2021-11-21,MSIL1C,synchronized,342.83271398115903,710,48.34636763888889
2021-11-22,MSIL1C,synchronized,4357.190826247446,9258,58.295353750000004
2021-11-22,Unknown,deleted,0.0,649,0.0
2021-11-23,MSIL1C,synchronized,5593.09686773736,11879,15.130175833333334
2021-11-23,Unknown,deleted,0.0,52,0.0
2021-11-24,MSIL1C,synchronized,4713.908004901372,9926,3.2658449999999997
2021-11-24,Unknown,deleted,0.0,408,0.0
2021-11-25,MSIL1C,synchronized,4076.8699365230277,8625,3.233456111111111
2021-11-25,Unknown,deleted,0.0,200,0.0
2021-11-26,MSIL1C,synchronized,3941.505576517433,8297,3.2144480555555557
2021-11-26,Unknown,deleted,0.0,362,0.0
2021-11-27,MSIL1C,synchronized,4034.108721619472,8523,3.1586808333333334
2021-11-27,Unknown,deleted,0.0,358,0.0
2021-11-28,MSIL1C,synchronized,4081.3085807096213,8667,3.1943630555555558
2021-11-28,Unknown,deleted,0.0,478,0.0
2021-11-29,MSIL1C,synchronized,4077.9382489314303,8600,3.238277777777778
2021-11-29,Unknown,deleted,0.0,180,0.0
2021-11-30,MSIL1C,synchronized,4145.51759130694,8759,3.1507997222222226
2021-11-30,Unknown,deleted,0.0,16,0.0
2021-12-01,MSIL1C,synchronized,4138.045975716785,8730,3.3830708333333335
2021-12-01,Unknown,deleted,0.0,4,0.0
2021-12-02,MSIL1C,synchronized,4298.771173301153,9140,3.125713888888889
2021-12-02,Unknown,deleted,0.0,17,0.0
2021-12-03,MSIL1C,synchronized,4142.266316089779,8704,3.263823472222222
2021-12-03,Unknown,deleted,0.0,1418,0.0
2021-12-04,MSIL1C,synchronized,4254.757717303,9020,3.2509651388888887
2021-12-04,Unknown,deleted,0.0,1470,0.0
2021-12-05,MSIL1C,synchronized,4154.342963737436,8858,3.1136825000000004
2021-12-05,Unknown,deleted,0.0,11059,0.0
2021-12-06,MSIL1C,synchronized,4046.155613818206,8596,3.2281516666666668
2021-12-06,Unknown,deleted,0.0,16871,0.0
2021-12-07,MSIL1C,synchronized,4196.184638842009,8894,3.2602119444444444
2021-12-07,Unknown,deleted,0.0,7202,0.0
2021-12-08,MSIL1C,synchronized,4208.30234315712,8906,3.3367591666666665
2021-12-08,Unknown,deleted,0.0,7764,0.0
2021-12-09,MSIL1C,synchronized,3477.4174738787115,7259,3.3376377777777777
2021-12-09,Unknown,deleted,0.0,8706,0.0
2021-12-10,MSIL1C,synchronized,4657.019341701642,10046,3.399027361111111
2021-12-10,Unknown,deleted,0.0,8057,0.0
2021-12-11,MSIL1C,synchronized,4123.423936502077,8715,2.98319
2021-12-11,Unknown,deleted,0.0,10697,0.0
2021-12-12,MSIL1C,synchronized,3665.9550645221025,7800,3.127805416666667
2021-12-12,Unknown,deleted,0.0,10909,0.0
2021-12-13,MSIL1C,synchronized,3277.5621570907533,6986,6.365365833333334
2021-12-13,Unknown,deleted,0.0,9959,0.0
2021-12-14,MSIL1C,synchronized,2664.69140560925,5751,3.0237052777777778
2021-12-14,Unknown,deleted,0.0,10023,0.0
2021-12-15,MSIL1C,synchronized,3531.612844995223,7624,3.0015751388888887
2021-12-15,Unknown,deleted,0.0,9981,0.0
2021-12-16,MSIL1C,synchronized,4089.1455143019557,8693,3.183856111111111
2021-12-16,Unknown,deleted,0.0,9551,0.0
2021-12-17,MSIL1C,synchronized,4077.8154172748327,8634,3.13017125
2021-12-17,Unknown,deleted,0.0,9535,0.0
2021-12-18,MSIL1C,synchronized,4023.8288525091484,8648,3.118365277777778
2021-12-18,Unknown,deleted,0.0,8959,0.0
2021-12-19,MSIL1C,synchronized,4030.221633969806,8568,3.1532738888888887
2021-12-19,Unknown,deleted,0.0,2264,0.0
2021-12-20,MSIL1C,synchronized,3988.126002633944,8540,3.150873472222222
2021-12-20,Unknown,deleted,0.0,5822,0.0
2021-12-21,MSIL1C,synchronized,4045.9424727316946,8670,3.1291405555555554
2021-12-21,Unknown,deleted,0.0,1397,0.0
2021-12-22,MSIL1C,synchronized,4297.90683325287,9166,3.2251024999999998
2021-12-22,Unknown,deleted,0.0,710,0.0
2021-12-23,MSIL1C,synchronized,4003.117762037553,8542,3.182135277777778
2021-12-23,Unknown,deleted,0.0,9290,0.0
2021-12-24,MSIL1C,synchronized,4109.763094976544,8748,3.1715511111111114
2021-12-24,Unknown,deleted,0.0,11757,0.0
2021-12-25,MSIL1C,synchronized,4008.11234255787,8623,3.1078583333333336
2021-12-25,Unknown,deleted,0.0,10115,0.0
2021-12-26,MSIL1C,synchronized,4020.790849732235,8537,3.2793180555555557
2021-12-26,Unknown,deleted,0.0,8535,0.0
2021-12-27,MSIL1C,synchronized,3869.40364226792,8270,3.1208894444444444
2021-12-27,Unknown,deleted,0.0,8839,0.0
2021-12-28,MSIL1C,synchronized,4038.7952694632113,8676,3.1886912499999998
2021-12-28,Unknown,deleted,0.0,8534,0.0
2021-12-29,MSIL1C,synchronized,3857.4608208946884,8220,3.152412222222222
2021-12-29,Unknown,deleted,0.0,9074,0.0
2021-12-30,MSIL1C,synchronized,4048.2783057102934,8726,3.1852206944444443
2021-12-30,Unknown,deleted,0.0,8612,0.0
2021-12-31,MSIL1C,synchronized,4120.062995730899,8770,3.0733441666666668
2021-12-31,Unknown,deleted,0.0,8696,0.0
2022-01-01,MSIL1C,synchronized,4189.468196148053,9002,3.102082361111111
2022-01-01,Unknown,deleted,0.0,8745,0.0
2022-01-02,MSIL1C,synchronized,3811.5632964204997,8092,2.938098055555556
2022-01-02,Unknown,deleted,0.0,9133,0.0
2022-01-03,MSIL1C,synchronized,4113.863131996244,8847,3.1559255555555557
2022-01-03,Unknown,deleted,0.0,8876,0.0
2022-01-04,MSIL1C,synchronized,3538.8651321940124,7755,2.9603219444444444
2022-01-04,Unknown,deleted,0.0,9011,0.0
2022-01-05,MSIL1C,synchronized,4002.9717356674373,8507,3.220800833333333
2022-01-05,Unknown,deleted,0.0,8998,0.0
2022-01-06,MSIL1C,synchronized,4103.566680527292,8709,3.3832858333333333
2022-01-06,Unknown,deleted,0.0,8716,0.0
2022-01-07,MSIL1C,synchronized,4118.743714765646,8794,3.16383
2022-01-07,Unknown,deleted,0.0,8882,0.0
2022-01-08,MSIL1C,synchronized,4069.0736453533173,8630,3.1910929166666664
2022-01-08,Unknown,deleted,0.0,8836,0.0
2022-01-09,MSIL1C,synchronized,3931.0549949659035,8486,3.0793541666666666
2022-01-09,Unknown,deleted,0.0,7309,0.0
2022-01-10,MSIL1C,synchronized,4223.403531404212,9017,2.9965527777777776
2022-01-10,Unknown,deleted,0.0,9984,0.0
2022-01-11,MSIL1C,synchronized,4461.324797528796,9529,3.164271666666667
2022-01-11,Unknown,deleted,0.0,8782,0.0
2022-01-12,MSIL1C,synchronized,4277.716722344048,9124,3.1952169444444447
2022-01-12,Unknown,deleted,0.0,7814,0.0
2022-01-13,MSIL1C,synchronized,4270.367243820801,9093,3.161023611111111
2022-01-13,Unknown,deleted,0.0,6986,0.0
2022-01-14,MSIL1C,synchronized,4211.172272875905,9061,3.145458888888889
2022-01-14,Unknown,deleted,0.0,5799,0.0
2022-01-15,MSIL1C,synchronized,4161.703983009793,8899,2.9701541666666667
2022-01-15,Unknown,deleted,0.0,7628,0.0
2022-01-16,MSIL1C,synchronized,4173.99407503102,8909,3.11289
2022-01-16,Unknown,deleted,0.0,8717,0.0
2022-01-17,MSIL1C,synchronized,4226.937923078425,9069,3.118904166666667
2022-01-17,Unknown,deleted,0.0,8624,0.0
2022-01-18,MSIL1C,synchronized,4111.937857920304,8688,3.2753429166666668
2022-01-18,Unknown,deleted,0.0,8604,0.0
2022-01-19,MSIL1C,synchronized,2887.114059338346,6333,3.2133169444444447
2022-01-19,Unknown,deleted,0.0,8621,0.0
2022-01-20,MSIL1C,synchronized,2883.926409205422,6154,3.315181388888889
2022-01-20,Unknown,deleted,0.0,6167,0.0
2022-01-21,MSIL1C,synchronized,4133.0314000323415,8996,5.3453131944444445
2022-01-21,Unknown,deleted,0.0,11042,0.0
2022-01-22,MSIL1C,synchronized,4200.713529293425,8937,3.096728611111111
2022-01-22,Unknown,deleted,0.0,9386,0.0
2022-01-23,MSIL1C,synchronized,4489.045039312914,9569,3.2789149999999996
2022-01-23,Unknown,deleted,0.0,8542,0.0
2022-01-24,MSIL1C,synchronized,4200.618828890845,8993,3.0560869444444445
2022-01-24,Unknown,deleted,0.0,8736,0.0
2022-01-25,MSIL1C,synchronized,4465.672762716189,9481,8.143772222222223
2022-01-25,Unknown,deleted,0.0,8586,0.0
2022-01-26,MSIL1C,synchronized,4458.681630590931,9553,3.414956388888889
2022-01-26,Unknown,deleted,0.0,8657,0.0
2022-01-27,MSIL1C,synchronized,4272.657080808654,9286,3.477523888888889
2022-01-27,Unknown,deleted,0.0,8501,0.0
2022-01-28,MSIL1C,synchronized,4217.330925684422,9123,3.604211388888889
2022-01-28,Unknown,deleted,0.0,8656,0.0
2022-01-29,MSIL1C,synchronized,4421.445740318857,9587,3.334384722222222
2022-01-29,Unknown,deleted,0.0,8316,0.0
2022-01-30,MSIL1C,synchronized,4183.360835634172,9093,3.45508
2022-01-30,Unknown,deleted,0.0,8907,0.0
2022-01-31,MSIL1C,synchronized,4607.222076878883,9923,3.5449708333333336
2022-01-31,Unknown,deleted,0.0,8812,0.0
2022-02-01,MSIL1C,synchronized,4458.274147868156,9563,3.7003630555555556
2022-02-01,Unknown,deleted,0.0,8945,0.0
2022-02-02,MSIL1C,synchronized,4515.3243029695,9756,4.033120972222223
2022-02-02,Unknown,deleted,0.0,8158,0.0
2022-02-03,MSIL1C,synchronized,4430.87825350184,9589,3.7245233333333334
2022-02-03,Unknown,deleted,0.0,8835,0.0
2022-02-04,MSIL1C,synchronized,4805.077263329178,10251,3.6523619444444444
2022-02-04,Unknown,deleted,0.0,7677,0.0
2022-02-05,MSIL1C,synchronized,4349.145630988292,9270,3.43636625
2022-02-05,Unknown,deleted,0.0,8597,0.0
2022-02-06,MSIL1C,synchronized,4749.164882401004,10219,3.6045102777777775
2022-02-06,Unknown,deleted,0.0,8685,0.0
2022-02-07,MSIL1C,synchronized,4487.400979347527,9530,5.024570833333334
2022-02-07,Unknown,deleted,0.0,8756,0.0
2022-02-08,MSIL1C,synchronized,4508.132105343044,9646,3.773221388888889
2022-02-08,Unknown,deleted,0.0,8704,0.0
2022-02-09,MSIL1C,synchronized,4694.663339852355,10037,3.6607905555555553
2022-02-09,Unknown,deleted,0.0,8441,0.0
2022-02-10,MSIL1C,synchronized,4861.603574511595,10409,3.974463888888889
2022-02-10,Unknown,deleted,0.0,9062,0.0
2022-02-11,MSIL1C,synchronized,4720.868240378797,10052,3.6751593055555554
2022-02-11,Unknown,deleted,0.0,9528,0.0
2022-02-12,MSIL1C,synchronized,4794.806432803161,10171,3.719444722222222
2022-02-12,Unknown,deleted,0.0,9145,0.0
2022-02-13,MSIL1C,synchronized,4770.1625507790595,10120,3.582734722222222
2022-02-13,Unknown,deleted,0.0,9093,0.0
2022-02-14,MSIL1C,synchronized,4877.257620071061,10270,3.6150991666666665
2022-02-14,Unknown,deleted,0.0,8970,0.0
2022-02-15,MSIL1C,synchronized,4727.907828712836,9953,3.85008
2022-02-15,Unknown,deleted,0.0,9043,0.0
2022-02-16,MSIL1C,synchronized,4877.9540706714615,10462,4.004188194444445
2022-02-16,Unknown,deleted,0.0,8920,0.0
2022-02-17,MSIL1C,synchronized,4625.9428472789,9880,3.6004879166666663
2022-02-17,Unknown,deleted,0.0,9020,0.0
2022-02-18,MSIL1C,synchronized,3994.7290897313505,8569,3.860241388888889
2022-02-18,Unknown,deleted,0.0,8794,0.0
2022-02-19,MSIL1C,synchronized,5129.936018835753,11015,3.699790277777778
2022-02-19,Unknown,deleted,0.0,6196,0.0
2022-02-20,MSIL1C,synchronized,3645.8971820259467,7795,3.7542655555555555
2022-02-20,Unknown,deleted,0.0,6294,0.0
2022-02-21,MSIL1C,synchronized,7120.075455063954,15413,9.871689722222222
2022-02-21,Unknown,deleted,0.0,8996,0.0
2022-02-22,MSIL1C,synchronized,5012.458533382043,10894,4.001811944444444
2022-02-22,Unknown,deleted,0.0,8958,0.0
2022-02-23,MSIL1C,synchronized,5185.865344301797,11273,3.798728055555556
2022-02-23,Unknown,deleted,0.0,9613,0.0
2022-02-24,MSIL1C,synchronized,5068.115208765492,10817,4.1061708333333335
2022-02-24,Unknown,deleted,0.0,8904,0.0
2022-02-25,MSIL1C,synchronized,5277.846604428254,11303,3.9190491666666665
2022-02-25,Unknown,deleted,0.0,9660,0.0
2022-02-26,MSIL1C,synchronized,4901.989875909872,10521,3.7545930555555556
2022-02-26,Unknown,deleted,0.0,9530,0.0
2022-02-27,MSIL1C,synchronized,4876.157406005077,10480,3.746552638888889
2022-02-27,Unknown,deleted,0.0,9272,0.0
2022-02-28,MSIL1C,synchronized,5109.158084876835,11021,3.792724166666667
2022-02-28,Unknown,deleted,0.0,9168,0.0
2022-03-01,MSIL1C,synchronized,5238.031261620112,11214,3.960342916666667
2022-03-01,Unknown,deleted,0.0,9532,0.0
2022-03-02,MSIL1C,synchronized,5384.19589131698,11544,3.9125097222222225
2022-03-02,Unknown,deleted,0.0,9195,0.0
2022-03-03,MSIL1C,synchronized,4993.220727036707,10786,3.6719470833333334
2022-03-03,Unknown,deleted,0.0,9898,0.0
2022-03-04,MSIL1C,synchronized,5244.764228547923,11327,4.208195555555556
2022-03-04,Unknown,deleted,0.0,9572,0.0
2022-03-05,MSIL1C,synchronized,5926.42360602133,12747,3.8393163888888893
2022-03-05,Unknown,deleted,0.0,9783,0.0
2022-03-06,MSIL1C,synchronized,5030.578260782175,10865,3.8009269444444445
2022-03-06,Unknown,deleted,0.0,9535,0.0
2022-03-07,MSIL1C,synchronized,5470.610240982845,11732,3.823473611111111
2022-03-07,Unknown,deleted,0.0,10333,0.0
2022-03-08,MSIL1C,synchronized,5302.91617055703,11463,3.8018252777777777
2022-03-08,Unknown,deleted,0.0,9249,0.0
2022-03-09,MSIL1C,synchronized,5491.482370501384,11837,3.7212416666666663
2022-03-09,Unknown,deleted,0.0,10245,0.0
2022-03-10,MSIL1C,synchronized,5148.586099874228,11182,3.8529304166666667
2022-03-10,Unknown,deleted,0.0,9699,0.0
2022-03-11,MSIL1C,synchronized,5504.730008282699,11919,3.9430925
2022-03-11,Unknown,deleted,0.0,9793,0.0
2022-03-12,MSIL1C,synchronized,5458.061518542469,11831,3.5083083333333334
2022-03-12,Unknown,deleted,0.0,10039,0.0
2022-03-13,MSIL1C,synchronized,5322.196540898643,11546,3.7098263888888887
2022-03-13,Unknown,deleted,0.0,10670,0.0
2022-03-14,MSIL1C,synchronized,5396.868255405687,11598,4.049567777777778
2022-03-14,Unknown,deleted,0.0,10038,0.0
2022-03-15,MSIL1C,synchronized,5644.335685704835,12276,3.691192222222222
2022-03-15,Unknown,deleted,0.0,10283,0.0
2022-03-16,MSIL1C,synchronized,5387.648075480014,11714,3.8060022222222223
2022-03-16,Unknown,deleted,0.0,10191,0.0
2022-03-17,MSIL1C,synchronized,5410.561141275801,11726,4.160677083333333
2022-03-17,Unknown,deleted,0.0,10288,0.0
2022-03-18,MSIL1C,synchronized,5563.441458524205,12162,4.019168611111111
2022-03-18,Unknown,deleted,0.0,9943,0.0
2022-03-19,MSIL1C,synchronized,5403.23638159968,11653,4.9058775
2022-03-19,Unknown,deleted,0.0,10731,0.0
2022-03-20,MSIL1C,synchronized,5259.381641013548,11461,3.824205833333333
2022-03-20,Unknown,deleted,0.0,10009,0.0
2022-03-21,MSIL1C,synchronized,5695.627044001594,12355,3.9448177777777778
2022-03-21,Unknown,deleted,0.0,8530,0.0
2022-03-22,MSIL1C,synchronized,5752.522279360332,12520,3.7890416666666664
2022-03-22,Unknown,deleted,0.0,11013,0.0
2022-03-23,MSIL1C,synchronized,5368.500581013039,11580,4.314671944444445
2022-03-23,Unknown,deleted,0.0,8361,0.0
2022-03-24,MSIL1C,synchronized,5861.776793538593,12668,4.4832
2022-03-24,Unknown,deleted,0.0,15809,0.0
2022-03-25,MSIL1C,synchronized,5474.526084145531,11938,4.02249375
2022-03-25,Unknown,deleted,0.0,11029,0.0
2022-03-26,MSIL1C,synchronized,5645.09048468899,12223,3.9835800000000003
2022-03-26,Unknown,deleted,0.0,11450,0.0
2022-03-27,MSIL1C,synchronized,5405.743263050914,11700,4.25630625
2022-03-27,Unknown,deleted,0.0,10909,0.0
2022-03-28,MSIL1C,synchronized,5810.284323065542,12545,4.106871111111111
2022-03-28,Unknown,deleted,0.0,11272,0.0
2022-03-29,MSIL1C,synchronized,5929.470599824563,12902,4.175725
2022-03-29,Unknown,deleted,0.0,10668,0.0
2022-03-30,MSIL1C,synchronized,5386.117085832171,11718,3.9745341666666665
2022-03-30,Unknown,deleted,0.0,10494,0.0
2022-03-31,MSIL1C,synchronized,5596.40458061453,12198,4.2707154166666665
2022-03-31,Unknown,deleted,0.0,11168,0.0
2022-04-01,MSIL1C,synchronized,5919.782544649206,12929,4.042716666666667
2022-04-01,Unknown,deleted,0.0,11135,0.0
2022-04-02,MSIL1C,synchronized,5786.79428133741,12548,3.997292916666667
2022-04-02,Unknown,deleted,0.0,11668,0.0
2022-04-03,MSIL1C,synchronized,5248.657278294675,11342,4.411223888888889
2022-04-03,Unknown,deleted,0.0,10811,0.0
2022-04-04,MSIL1C,synchronized,6224.703360537067,13436,4.286999027777778
2022-04-04,Unknown,deleted,0.0,11316,0.0
2022-04-05,MSIL1C,synchronized,5587.2572811814025,12106,4.386804861111111
2022-04-05,Unknown,deleted,0.0,12841,0.0
2022-04-06,MSIL1C,synchronized,5238.472149016336,11327,4.604182777777778
2022-04-06,Unknown,deleted,0.0,10887,0.0
2022-04-07,MSIL1C,synchronized,5952.977195493877,12856,4.08264
2022-04-07,Unknown,deleted,0.0,11646,0.0
2022-04-08,MSIL1C,synchronized,6024.225271257572,12965,3.9668430555555556
2022-04-08,Unknown,deleted,0.0,11603,0.0
2022-04-09,MSIL1C,synchronized,5725.554440621287,12467,3.8596475
2022-04-09,Unknown,deleted,0.0,11795,0.0
2022-04-10,MSIL1C,synchronized,5504.770140751265,11941,4.103701388888889
2022-04-10,Unknown,deleted,0.0,11315,0.0
2022-04-11,MSIL1C,synchronized,5907.455350787379,12836,4.295325833333333
2022-04-11,Unknown,deleted,0.0,12157,0.0
2022-04-12,MSIL1C,synchronized,5882.5219894088805,12714,4.219145833333334
2022-04-12,Unknown,deleted,0.0,13368,0.0
2022-04-13,MSIL1C,synchronized,5989.572422181256,12976,4.157718888888889
2022-04-13,Unknown,deleted,0.0,11550,0.0
2022-04-14,MSIL1C,synchronized,5271.67371111922,11530,4.107934583333334
2022-04-14,Unknown,deleted,0.0,11811,0.0
2022-04-15,MSIL1C,synchronized,5551.104204711504,12039,3.9607019444444447
2022-04-15,Unknown,deleted,0.0,12540,0.0
2022-04-16,MSIL1C,synchronized,5632.426722986624,12278,4.31454125
2022-04-16,Unknown,deleted,0.0,11827,0.0
2022-04-17,MSIL1C,synchronized,5954.026161212474,13005,4.091734722222222
2022-04-17,Unknown,deleted,0.0,11808,0.0
2022-04-18,MSIL1C,synchronized,5588.48985602241,12229,3.7901511111111112
2022-04-18,Unknown,deleted,0.0,12617,0.0
2022-04-19,MSIL1C,synchronized,5452.562746892683,11981,3.9747283333333336
2022-04-19,Unknown,deleted,0.0,11673,0.0
2022-04-20,MSIL1C,synchronized,5340.624863296747,11728,4.337370138888889
2022-04-20,Unknown,deleted,0.0,11472,0.0
2022-04-21,MSIL1C,synchronized,6005.784919889644,13131,4.1347825
2022-04-21,Unknown,deleted,0.0,12389,0.0
2022-04-23,MSIL1C,synchronized,5461.844941616058,11862,4.157737083333333
2022-04-23,Unknown,deleted,0.0,11599,0.0
2022-04-24,MSIL1C,synchronized,5516.209313677624,12052,4.612013888888889
2022-04-24,Unknown,deleted,0.0,12844,0.0
2022-04-22,MSIL1C,synchronized,5594.801275810227,12124,4.100200833333333
2022-04-22,Unknown,deleted,0.0,12808,0.0
2022-04-25,MSIL1C,synchronized,5479.546685685404,12014,4.106178472222222
2022-04-25,Unknown,deleted,0.0,12637,0.0
2022-04-26,MSIL1C,synchronized,5598.804034538567,12271,4.123434166666667
2022-04-26,Unknown,deleted,0.0,12223,0.0
2022-04-27,MSIL1C,synchronized,5816.4669760502875,12668,3.9949109722222222
2022-04-27,Unknown,deleted,0.0,11931,0.0
2022-04-28,MSIL1C,synchronized,4950.665059639141,10927,4.461441944444445
2022-04-28,Unknown,deleted,0.0,12546,0.0
2022-04-29,MSIL1C,synchronized,5609.636439669877,12314,6.786173472222222
2022-04-29,Unknown,deleted,0.0,13062,0.0
2022-04-30,MSIL1C,synchronized,5356.585907135159,11558,5.066507083333333
2022-04-30,Unknown,deleted,0.0,11838,0.0
2022-05-01,MSIL1C,synchronized,5715.305405125022,12420,4.726386527777779
2022-05-01,Unknown,deleted,0.0,12288,0.0
2022-05-02,MSIL1C,synchronized,5910.187569047324,12882,4.790660277777778
2022-05-02,Unknown,deleted,0.0,12949,0.0
2022-05-03,MSIL1C,synchronized,5236.015778628178,11491,5.105768055555555
2022-05-03,Unknown,deleted,0.0,13097,0.0
2022-05-04,MSIL1C,synchronized,5607.559179870412,12215,5.32018111111111
2022-05-04,Unknown,deleted,0.0,11712,0.0
2022-05-05,MSIL1C,synchronized,5504.790864786133,12010,4.854251805555556
2022-05-05,Unknown,deleted,0.0,13583,0.0
2022-05-06,MSIL1C,synchronized,4644.047775764018,10210,5.636202222222222
2022-05-06,Unknown,deleted,0.0,12335,0.0
2022-05-07,MSIL1C,synchronized,6381.657937180251,14023,6.228955833333334
2022-05-07,Unknown,deleted,0.0,11869,0.0
2022-05-08,MSIL1C,synchronized,5694.1720010545105,12454,4.770024027777778
2022-05-08,Unknown,deleted,0.0,12893,0.0
2022-05-09,MSIL1C,synchronized,5673.335413846187,12489,6.1084499999999995
2022-05-09,Unknown,deleted,0.0,12937,0.0
2022-05-10,MSIL1C,synchronized,5592.127334438264,12156,4.971776805555555
2022-05-10,Unknown,deleted,0.0,12483,0.0
2022-04-22,MSIL1C,synchronized,5594.801275810227,12124,4.100200833333333
2022-04-22,Unknown,deleted,0.0,12808,0.0
2022-05-11,MSIL1C,synchronized,5013.5458334144205,10969,6.24658888888889
2022-05-11,Unknown,deleted,0.0,12098,0.0
2022-05-12,MSIL1C,synchronized,4595.597838336602,10212,6.812286527777777
2022-05-12,Unknown,deleted,0.0,12934,0.0
2022-05-13,MSIL1C,synchronized,5979.869049848057,13053,9.600203055555555
2022-05-13,Unknown,deleted,0.0,14366,0.0
2022-05-14,MSIL1C,synchronized,4889.949571860954,10800,6.851330694444444
2022-05-14,Unknown,deleted,0.0,13023,0.0
2022-05-15,MSIL1C,synchronized,7635.625103576109,16565,12.022898333333334
2022-05-15,Unknown,deleted,0.0,11672,0.0
2022-05-16,MSIL1C,synchronized,6422.893976753578,14133,6.765928333333333
2022-05-16,Unknown,deleted,0.0,12106,0.0
2022-05-17,MSIL1C,synchronized,6312.396890946664,13938,5.388491944444445
2022-05-17,Unknown,deleted,0.0,12327,0.0
2022-05-18,MSIL1C,synchronized,5528.556974413805,12146,5.131767083333333
2022-05-18,Unknown,deleted,0.0,13069,0.0
2022-05-19,MSIL1C,synchronized,5453.751269650646,12145,5.6968033333333326
2022-05-19,Unknown,deleted,0.0,12430,0.0
2022-05-20,MSIL1C,synchronized,5520.542889647186,12284,4.712558055555555
2022-05-20,Unknown,deleted,0.0,12040,0.0
2022-05-21,MSIL1C,synchronized,5591.421045859344,12403,5.301781666666667
2022-05-21,Unknown,deleted,0.0,12227,0.0
2022-05-22,MSIL1C,synchronized,5739.747038556263,12633,4.8090675
2022-05-22,Unknown,deleted,0.0,13171,0.0
2022-05-23,MSIL1C,synchronized,4465.533834004775,9940,4.759331805555556
2022-05-23,Unknown,deleted,0.0,13054,0.0
2022-05-24,MSIL1C,synchronized,5221.268776394427,11514,5.897379444444445
2022-05-24,Unknown,deleted,0.0,11827,0.0
2022-05-25,MSIL1C,synchronized,6529.361992772669,14471,8.380714166666667
2022-05-25,Unknown,deleted,0.0,12140,0.0
2022-05-26,MSIL1C,synchronized,5469.801288704388,12061,5.260513888888888
2022-05-26,Unknown,deleted,0.0,12478,0.0
2022-05-27,MSIL1C,synchronized,5914.105332373641,13032,4.861106111111111
2022-05-27,Unknown,deleted,0.0,12253,0.0
2022-05-28,MSIL1C,synchronized,5768.788380111568,12606,4.864296527777778
2022-05-28,Unknown,deleted,0.0,12628,0.0
2022-05-29,MSIL1C,synchronized,5236.338905906305,11552,4.805674305555556
2022-05-29,Unknown,deleted,0.0,11246,0.0
2022-05-30,MSIL1C,synchronized,5420.127101609483,12079,4.690736388888889
2022-05-30,Unknown,deleted,0.0,12536,0.0
2022-05-31,MSIL1C,synchronized,5587.571069555357,12248,5.9776533333333335
2022-05-31,Unknown,deleted,0.0,11843,0.0
2022-06-01,MSIL1C,synchronized,5692.4096478149295,12628,5.0681995833333335
2022-06-01,Unknown,deleted,0.0,12368,0.0
2022-06-02,MSIL1C,synchronized,5055.609401219524,11084,6.605890138888889
2022-06-02,Unknown,deleted,0.0,13006,0.0
2022-06-03,MSIL1C,synchronized,5706.915899627842,12570,5.1247501388888885
2022-06-03,Unknown,deleted,0.0,11722,0.0
2022-06-04,MSIL1C,synchronized,5929.400535752997,12978,4.7038270833333335
2022-06-04,Unknown,deleted,0.0,12503,0.0
2022-06-05,MSIL1C,synchronized,5333.387966171838,11721,4.893153888888889
2022-06-05,Unknown,deleted,0.0,12073,0.0
2022-06-06,MSIL1C,synchronized,5262.5128712803125,11529,4.382831944444445
2022-06-06,Unknown,deleted,0.0,10328,0.0
2022-06-07,MSIL1C,synchronized,5592.537999874912,12268,4.789225
2022-06-07,Unknown,deleted,0.0,14310,0.0
2022-06-08,MSIL1C,synchronized,5844.60533847753,12897,5.9568386111111105
2022-06-08,Unknown,deleted,0.0,13067,0.0
2022-06-09,MSIL1C,synchronized,5680.379195487127,12464,4.656031805555555
2022-06-09,Unknown,deleted,0.0,13194,0.0
2022-06-10,MSIL1C,synchronized,5941.711794670671,13046,5.354532222222222
2022-06-10,Unknown,deleted,0.0,12230,0.0
2022-06-11,MSIL1C,synchronized,5502.946036338806,12053,4.771585
2022-06-11,Unknown,deleted,0.0,11587,0.0
2022-06-12,MSIL1C,synchronized,5340.810531935655,11702,4.790794861111111
2022-06-12,Unknown,deleted,0.0,10193,0.0
2022-06-13,MSIL1C,synchronized,5811.494529291056,12892,4.581347083333333
2022-06-13,Unknown,deleted,0.0,11999,0.0
2022-06-14,MSIL1C,synchronized,6362.137751616538,13741,5.342020000000001
2022-06-14,Unknown,deleted,0.0,11075,0.0
2022-06-15,MSIL1C,synchronized,5650.475092171691,12336,5.236206527777778
2022-06-15,Unknown,deleted,0.0,16793,0.0
2022-06-16,MSIL1C,synchronized,5758.855136438273,12608,5.46869875
2022-06-16,Unknown,deleted,0.0,14202,0.0
2022-06-17,MSIL1C,synchronized,5827.217435491271,12836,5.2502375
2022-06-17,Unknown,deleted,0.0,13945,0.0
2022-06-18,MSIL1C,synchronized,5990.222686106339,13214,4.998751666666667
2022-06-18,Unknown,deleted,0.0,12147,0.0
2022-06-19,MSIL1C,synchronized,5828.366319515742,12847,4.399790555555556
2022-06-19,Unknown,deleted,0.0,12223,0.0
2022-06-20,MSIL1C,synchronized,5355.662600073963,11773,4.799281944444445
2022-06-20,Unknown,deleted,0.0,12309,0.0
2022-06-21,MSIL1C,synchronized,6009.558061786927,13280,4.780781944444445
2022-06-21,Unknown,deleted,0.0,12606,0.0
2022-06-22,MSIL1C,synchronized,5293.602979266085,11574,4.510369027777777
2022-06-22,Unknown,deleted,0.0,12679,0.0
2022-06-23,MSIL1C,synchronized,6093.852915486321,13294,5.145883472222222
2022-06-23,Unknown,deleted,0.0,10326,0.0
2022-06-24,MSIL1C,synchronized,5685.072126678191,12318,4.52439125
2022-06-24,Unknown,deleted,0.0,11627,0.0
2022-06-25,MSIL1C,synchronized,5421.358354815282,11740,4.637436666666666
2022-06-25,Unknown,deleted,0.0,14459,0.0
2022-06-26,MSIL1C,synchronized,5732.265541584231,12544,4.503715138888889
2022-06-26,Unknown,deleted,0.0,12127,0.0
2022-06-27,MSIL1C,synchronized,6097.218160081655,13360,5.568254861111111
2022-06-27,Unknown,deleted,0.0,13167,0.0
2022-06-28,MSIL1C,synchronized,5630.843639214523,12478,4.868908194444444
2022-06-28,Unknown,deleted,0.0,12890,0.0
2022-06-29,MSIL1C,synchronized,5902.188435127959,12829,4.642512777777777
2022-06-29,Unknown,deleted,0.0,12147,0.0
2022-06-30,MSIL1C,synchronized,5464.400001558475,11967,4.9500463888888895
2022-06-30,Unknown,deleted,0.0,12222,0.0
2022-07-01,MSIL1C,synchronized,5536.182089459151,12143,4.584291111111111
2022-07-01,Unknown,deleted,0.0,12299,0.0
2022-07-02,MSIL1C,synchronized,5838.401108618826,12736,5.107837916666666
2022-07-02,Unknown,deleted,0.0,12897,0.0
2022-07-03,MSIL1C,synchronized,6121.834044138901,13448,4.938851666666666
2022-07-03,Unknown,deleted,0.0,11058,0.0
2022-07-04,MSIL1C,synchronized,5979.11574757006,13082,4.868881666666666
2022-07-04,Unknown,deleted,0.0,12650,0.0
2022-07-05,MSIL1C,synchronized,1317.8757567992434,2953,4.175530277777778
2022-07-05,Unknown,deleted,0.0,3569,0.0
2022-07-06,MSIL1C,synchronized,6613.042147019878,14349,25.294833333333333
2022-07-06,Unknown,deleted,0.0,21554,0.0
2022-07-07,MSIL1C,synchronized,7952.642724360339,17000,8.492181111111112
2022-07-07,Unknown,deleted,0.0,10496,0.0
2022-07-08,MSIL1C,synchronized,5698.518225236796,12623,12.501914166666667
2022-07-08,Unknown,deleted,0.0,11856,0.0
2022-07-09,MSIL1C,synchronized,7692.638424240053,16817,7.505171944444444
2022-07-09,Unknown,deleted,0.0,11864,0.0
2022-07-10,MSIL1C,synchronized,5698.885501854122,12529,4.475865555555556
2022-07-10,Unknown,deleted,0.0,12008,0.0
2022-07-11,MSIL1C,synchronized,5951.403474013321,13011,4.607138333333333
2022-07-11,Unknown,deleted,0.0,12115,0.0
2022-07-12,MSIL1C,synchronized,5622.548530329019,12327,5.157645555555556
2022-07-12,Unknown,deleted,0.0,12016,0.0
2022-07-13,MSIL1C,synchronized,6127.342781310901,13497,5.088660555555555
2022-07-13,Unknown,deleted,0.0,12039,0.0
2022-07-14,MSIL1C,synchronized,5258.800761746243,11469,5.034981944444445
2022-07-14,Unknown,deleted,0.0,12015,0.0
2022-07-15,MSIL1C,synchronized,5749.731385922991,12647,5.085673333333333
2022-07-15,Unknown,deleted,0.0,12039,0.0
2022-07-16,MSIL1C,synchronized,6063.008123740554,13244,4.980510416666667
2022-07-16,Unknown,deleted,0.0,12364,0.0
2022-07-17,MSIL1C,synchronized,3092.9543827790767,6953,4.054108055555556
2022-07-17,Unknown,deleted,0.0,12073,0.0
2022-07-18,MSIL1C,synchronized,3274.680933642201,7186,4.563502083333334
2022-07-18,Unknown,deleted,0.0,12000,0.0
2022-07-19,MSIL1C,synchronized,4340.119542075321,9643,5.016040277777777
2022-07-19,Unknown,deleted,0.0,12112,0.0
2022-07-20,MSIL1C,synchronized,4661.504430673085,10137,4.738225833333334
2022-07-20,Unknown,deleted,0.0,12021,0.0
2022-07-21,MSIL1C,synchronized,5908.683693262748,12860,4.686112916666667
2022-07-21,Unknown,deleted,0.0,12030,0.0
2022-07-22,MSIL1C,synchronized,5524.096502058208,12170,4.805904444444444
2022-07-22,Unknown,deleted,0.0,12000,0.0
2022-07-23,MSIL1C,synchronized,6325.921891760081,13879,4.8244525
2022-07-23,Unknown,deleted,0.0,12182,0.0
2022-07-24,MSIL1C,synchronized,5768.301986068487,12582,4.903726666666666
2022-07-24,Unknown,deleted,0.0,12398,0.0
2022-07-25,MSIL1C,synchronized,5686.857519122772,12311,4.883022777777779
2022-07-25,Unknown,deleted,0.0,12008,0.0
2022-07-26,MSIL1C,synchronized,6122.845549880527,13479,4.99893111111111
2022-07-26,Unknown,deleted,0.0,12001,0.0
2022-07-27,MSIL1C,synchronized,5668.67225402873,12432,4.6883276388888895
2022-07-27,Unknown,deleted,0.0,12051,0.0
2022-07-28,MSIL1C,synchronized,5560.233192064799,12193,5.065284444444445
2022-07-28,Unknown,deleted,0.0,12031,0.0
2022-07-29,MSIL1C,synchronized,6456.482799196616,14162,4.950039722222222
2022-07-29,Unknown,deleted,0.0,12000,0.0
2022-07-30,MSIL1C,synchronized,2423.953004082665,5442,10.071371805555556
2022-07-30,Unknown,deleted,0.0,12209,0.0
2022-07-31,MSIL1C,synchronized,1133.2518647108227,2331,26.508144166666668
2022-07-31,Unknown,deleted,0.0,12000,0.0
2022-08-01,MSIL1C,synchronized,719.1739510186017,1591,48.64572666666667
2022-08-01,Unknown,deleted,0.0,12000,0.0
2022-08-02,MSIL1C,synchronized,552.4190854737535,1195,69.20925444444444
2022-08-02,Unknown,deleted,0.0,12000,0.0
2022-08-03,MSIL1C,synchronized,390.6198871778324,882,88.52489041666666
2022-08-03,Unknown,deleted,0.0,12000,0.0
2022-08-04,MSIL1C,synchronized,2819.619504983537,6345,57.22437638888889
2022-08-04,Unknown,deleted,0.0,12003,0.0
2022-08-05,MSIL1C,synchronized,4137.9569049673155,8892,4.769345972222222
2022-08-05,Unknown,deleted,0.0,12000,0.0
2022-08-06,MSIL1C,synchronized,5992.308050826192,13216,5.346073611111111
2022-08-06,Unknown,deleted,0.0,12018,0.0
2022-08-07,MSIL1C,synchronized,5850.70352205541,12856,4.701454999999999
2022-08-07,Unknown,deleted,0.0,12000,0.0
2022-08-08,MSIL1C,synchronized,5888.028302408755,12831,4.829608055555555
2022-08-08,Unknown,deleted,0.0,12005,0.0
2022-08-09,MSIL1C,synchronized,5848.945562821813,12812,4.746433472222222
2022-08-09,Unknown,deleted,0.0,12000,0.0
2022-08-10,MSIL1C,synchronized,6024.822520502843,13209,5.008103888888889
2022-08-10,Unknown,deleted,0.0,12000,0.0
2022-08-11,MSIL1C,synchronized,5298.538811533712,11584,5.806289861111111
2022-08-11,Unknown,deleted,0.0,12000,0.0
2022-08-12,MSIL1C,synchronized,6193.47379533574,13681,5.047450555555556
2022-08-12,Unknown,deleted,0.0,12002,0.0
2022-08-13,MSIL1C,synchronized,5934.07049269788,12940,4.787734722222222
2022-08-13,Unknown,deleted,0.0,12000,0.0
2022-08-14,MSIL1C,synchronized,5658.6642676452175,12466,4.803379444444445
2022-08-14,Unknown,deleted,0.0,12000,0.0
2022-08-15,MSIL1C,synchronized,6028.091753611341,13294,4.6727259722222225
2022-08-15,Unknown,deleted,0.0,12002,0.0
2022-08-16,MSIL1C,synchronized,5836.630983593874,12729,5.049046111111111
2022-08-16,Unknown,deleted,0.0,15455,0.0
2022-08-17,MSIL1C,synchronized,6013.261559601873,13164,4.70696361111111
2022-08-17,Unknown,deleted,0.0,12548,0.0
2022-08-18,MSIL1C,synchronized,5982.018268383108,13119,4.4318566666666666
2022-08-18,Unknown,deleted,0.0,12004,0.0
2022-08-19,MSIL1C,synchronized,5118.434382691979,11116,5.346730555555556
2022-08-19,Unknown,deleted,0.0,12000,0.0
2022-08-20,MSIL1C,synchronized,4504.8341761324555,9841,5.371855555555555
2022-08-20,Unknown,deleted,0.0,12035,0.0
2022-08-21,MSIL1C,synchronized,3909.2886906219646,8652,14.079517638888888
2022-08-21,Unknown,deleted,0.0,12001,0.0
2022-08-22,MSIL1C,synchronized,7780.381776972674,17152,11.982581805555554
2022-08-22,Unknown,deleted,0.0,12021,0.0
2022-08-23,MSIL1C,synchronized,6209.104276770726,13624,6.483346111111111
2022-08-23,Unknown,deleted,0.0,12225,0.0
2022-08-24,MSIL1C,synchronized,5509.665931444615,12293,5.114114444444445
2022-08-24,Unknown,deleted,0.0,12072,0.0
2022-08-25,MSIL1C,synchronized,5609.160275620408,12582,6.2227677777777775
2022-08-25,Unknown,deleted,0.0,12001,0.0
2022-08-26,MSIL1C,synchronized,5689.919356082566,12752,5.964102916666667
2022-08-26,Unknown,deleted,0.0,12589,0.0
2022-08-27,MSIL1C,synchronized,5963.274753153324,13314,8.139244166666668
2022-08-27,Unknown,deleted,0.0,13196,0.0
2022-08-28,MSIL1C,synchronized,6107.984481617808,13512,5.0356981944444446
2022-08-28,Unknown,deleted,0.0,12016,0.0
2022-08-29,MSIL1C,synchronized,5738.458524854854,12819,6.894779166666667
2022-08-29,Unknown,deleted,0.0,12000,0.0
2022-08-30,MSIL1C,synchronized,5915.7774463118985,13046,5.595692083333334
2022-08-30,Unknown,deleted,0.0,12000,0.0
2022-08-31,MSIL1C,synchronized,6048.246676713228,13200,5.24088875
2022-08-31,Unknown,deleted,0.0,12000,0.0
2022-09-01,MSIL1C,synchronized,6252.669344543479,13702,5.037840555555556
2022-09-01,Unknown,deleted,0.0,5573,0.0
2022-09-02,MSIL1C,synchronized,5811.445297709666,12613,4.798265555555556
2022-09-02,Unknown,deleted,0.0,1255,0.0
2022-09-03,MSIL1C,synchronized,5454.9455241383985,11886,5.024729305555556
2022-09-03,Unknown,deleted,0.0,1099,0.0
2022-09-04,MSIL1C,synchronized,5911.116309427656,12895,5.022351388888889
2022-09-04,Unknown,deleted,0.0,5275,0.0
2022-09-05,MSIL1C,synchronized,5796.558331908658,12665,6.241131111111111
2022-09-05,Unknown,deleted,0.0,9166,0.0
2022-09-06,MSIL1C,synchronized,6124.806115794927,13376,6.964779305555555
2022-09-06,Unknown,deleted,0.0,12685,0.0
2022-09-07,MSIL1C,synchronized,5404.316518514417,11776,4.87128875
2022-09-07,Unknown,deleted,0.0,12116,0.0
2022-09-08,MSIL1C,synchronized,4492.1991395857185,9815,8.386769444444445
2022-09-08,Unknown,deleted,0.0,12020,0.0
2022-09-09,MSIL1C,synchronized,7366.629228176549,16024,11.349971805555555
2022-09-09,Unknown,deleted,0.0,12008,0.0
2022-09-11,MSIL1C,synchronized,6155.125527301803,13445,5.071201666666667
2022-09-11,Unknown,deleted,0.0,12000,0.0
2022-09-12,MSIL1C,synchronized,5245.740776734427,11311,6.398320555555556
2022-09-12,Unknown,deleted,0.0,12246,0.0
2022-09-13,MSIL1C,synchronized,6210.53912410792,13524,8.245140833333334
2022-09-13,Unknown,deleted,0.0,12025,0.0
2022-09-10,MSIL1C,synchronized,6522.581180022098,14425,5.664064722222222
2022-09-10,Unknown,deleted,0.0,12001,0.0
2022-09-14,MSIL1C,synchronized,6220.377408874221,13429,7.0100758333333335
2022-09-14,Unknown,deleted,0.0,12000,0.0
2022-09-15,MSIL1C,synchronized,5885.162636908703,12851,5.773135277777778
2022-09-15,Unknown,deleted,0.0,12000,0.0
2022-09-16,MSIL1C,synchronized,5412.56033228524,11780,6.038459444444445
2022-09-16,Unknown,deleted,0.0,12001,0.0
2022-09-17,MSIL1C,synchronized,6141.780528536998,13387,8.112935277777778
2022-09-17,Unknown,deleted,0.0,12003,0.0
2022-09-18,MSIL1C,synchronized,5377.124142530374,11742,6.825879444444444
2022-09-18,Unknown,deleted,0.0,12002,0.0
2022-09-19,MSIL1C,synchronized,5834.056138205342,12764,7.709036666666667
2022-09-19,Unknown,deleted,0.0,12003,0.0
2022-09-20,MSIL1C,synchronized,4176.851961492561,9241,11.304791111111111
2022-09-20,Unknown,deleted,0.0,12007,0.0
2022-09-21,MSIL1C,synchronized,7094.702209730633,15538,12.198132222222222
2022-09-21,Unknown,deleted,0.0,11189,0.0
2022-09-22,MSIL1C,synchronized,4773.628082010895,10253,12.645760833333334
2022-09-22,Unknown,deleted,0.0,7097,0.0
2022-09-23,MSIL1C,synchronized,6811.821762334555,14913,7.571056666666666
2022-09-23,Unknown,deleted,0.0,12005,0.0
2022-09-24,MSIL1C,synchronized,5386.917300535366,11762,6.927494166666667
2022-09-24,Unknown,deleted,0.0,12001,0.0
2022-09-25,MSIL1C,synchronized,6265.76047517173,13802,7.030015694444444
2022-09-25,Unknown,deleted,0.0,12000,0.0
2022-09-26,MSIL1C,synchronized,5481.067842228338,11959,5.897539722222223
2022-09-26,Unknown,deleted,0.0,12000,0.0
2022-09-27,MSIL1C,synchronized,6106.062804695219,13366,5.837368611111112
2022-09-27,Unknown,deleted,0.0,12001,0.0
2022-09-28,MSIL1C,synchronized,5357.181651468389,11713,5.015721944444444
2022-09-28,Unknown,deleted,0.0,12000,0.0
2022-09-29,MSIL1C,synchronized,5774.883017743938,12598,5.593698333333333
2022-09-29,Unknown,deleted,0.0,12000,0.0
2022-09-30,MSIL1C,synchronized,5314.105831064284,11616,4.915551388888889
2022-09-30,Unknown,deleted,0.0,12001,0.0
2022-10-01,MSIL1C,synchronized,5628.872516325675,12406,5.095657916666667
2022-10-01,Unknown,deleted,0.0,12356,0.0
2022-10-02,MSIL1C,synchronized,5687.9511634921655,12425,5.063521111111111
2022-10-02,Unknown,deleted,0.0,12001,0.0
2022-10-03,MSIL1C,synchronized,5288.27844579611,11557,5.653649722222222
2022-10-03,Unknown,deleted,0.0,12006,0.0
2022-10-04,MSIL1C,synchronized,5659.207047946751,12308,4.7997354166666675
2022-10-04,Unknown,deleted,0.0,12001,0.0
2022-10-05,MSIL1C,synchronized,5419.289372683503,11921,5.220930277777778
2022-10-05,Unknown,deleted,0.0,12000,0.0
2022-10-06,MSIL1C,synchronized,5202.581197004765,11438,6.279355
2022-10-06,Unknown,deleted,0.0,12002,0.0
2022-10-07,MSIL1C,synchronized,5868.630566000938,12885,5.2306036111111105
2022-10-07,Unknown,deleted,0.0,12099,0.0
2022-10-08,MSIL1C,synchronized,5386.242157604545,11731,4.442195555555556
2022-10-08,Unknown,deleted,0.0,12029,0.0
2022-10-09,MSIL1C,synchronized,5340.469835703261,11627,5.045117777777778
2022-10-09,Unknown,deleted,0.0,12105,0.0
2022-10-10,MSIL1C,synchronized,5381.016760669649,11762,5.084423194444445
2022-10-10,Unknown,deleted,0.0,12002,0.0
2022-10-11,MSIL1C,synchronized,5157.981752462685,11257,6.109291944444445
2022-10-11,Unknown,deleted,0.0,12244,0.0
2022-10-12,MSIL1C,synchronized,5614.176984402351,12072,5.2711572222222225
2022-10-12,Unknown,deleted,0.0,12000,0.0
2022-10-13,MSIL1C,synchronized,5030.525464923121,10885,5.201605555555555
2022-10-13,Unknown,deleted,0.0,12045,0.0
2022-10-14,MSIL1C,synchronized,5256.983561287634,11431,6.445568611111111
2022-10-14,Unknown,deleted,0.0,12066,0.0
2022-10-15,MSIL1C,synchronized,5686.858110327274,12375,4.908336666666666
2022-10-15,Unknown,deleted,0.0,12000,0.0
2022-10-16,MSIL1C,synchronized,5327.884612846188,11609,5.057660277777778
2022-10-16,Unknown,deleted,0.0,12000,0.0
2022-10-17,MSIL1C,synchronized,5268.34578353446,11447,4.778052777777778
2022-10-17,Unknown,deleted,0.0,12002,0.0
2022-10-18,MSIL1C,synchronized,5343.794041465968,11626,4.6323268055555555
2022-10-18,Unknown,deleted,0.0,12000,0.0
2022-10-19,MSIL1C,synchronized,5764.070531155914,12606,6.329555138888889
2022-10-19,Unknown,deleted,0.0,12169,0.0
2022-10-20,MSIL1C,synchronized,5408.697018965147,11777,5.463063888888889
2022-10-20,Unknown,deleted,0.0,12726,0.0
2022-10-21,MSIL1C,synchronized,5202.550819871947,11430,5.1256023611111114
2022-10-21,Unknown,deleted,0.0,12001,0.0
2022-10-22,MSIL1C,synchronized,5140.0938993683085,11186,4.3761512499999995
2022-10-22,Unknown,deleted,0.0,12500,0.0
2022-10-23,MSIL1C,synchronized,4828.839561718516,10477,5.648401944444444
2022-10-23,Unknown,deleted,0.0,12000,0.0
2022-10-24,MSIL1C,synchronized,5873.5883297249675,12817,4.767866388888889
2022-10-24,Unknown,deleted,0.0,12462,0.0
2022-10-25,MSIL1C,synchronized,5809.303587697446,12832,16.841203333333333
2022-10-25,Unknown,deleted,0.0,12736,0.0
2022-10-26,MSIL1C,synchronized,3415.5851192763075,7343,24.238004166666666
2022-10-26,Unknown,deleted,0.0,12004,0.0
2022-10-27,MSIL1C,synchronized,2961.5204640310258,6482,7.459914027777778
2022-10-27,Unknown,deleted,0.0,12086,0.0
2022-10-28,MSIL1C,synchronized,5500.054473859258,12039,5.371584444444445
2022-10-28,Unknown,deleted,0.0,12294,0.0
2022-10-29,MSIL1C,synchronized,4729.080824831501,10338,4.8721990277777785
2022-10-29,Unknown,deleted,0.0,12594,0.0
2022-10-30,MSIL1C,synchronized,5297.85135772638,11534,4.9417004166666665
2022-10-30,Unknown,deleted,0.0,12951,0.0
2022-10-31,MSIL1C,synchronized,4926.920844520442,10799,4.523010277777778
2022-10-31,Unknown,deleted,0.0,12371,0.0
2022-11-01,MSIL1C,synchronized,4825.951950716786,10428,4.4145225
2022-11-01,Unknown,deleted,0.0,12000,0.0
2022-11-02,MSIL1C,synchronized,4640.316595655866,10085,4.908125277777778
2022-11-02,Unknown,deleted,0.0,12071,0.0
2022-11-03,MSIL1C,synchronized,4674.43611562252,10224,5.28358375
2022-11-03,Unknown,deleted,0.0,12086,0.0
2022-11-04,MSIL1C,synchronized,4898.440423924476,10667,5.095626944444445
2022-11-04,Unknown,deleted,0.0,12000,0.0
2022-11-05,MSIL1C,synchronized,3265.5542266685516,7055,7.139116111111111
2022-11-05,Unknown,deleted,0.0,12242,0.0
2022-11-06,MSIL1C,synchronized,4828.0000993022695,10422,15.408623055555555
2022-11-06,Unknown,deleted,0.0,12366,0.0
2022-11-07,MSIL1C,synchronized,5196.075434723869,11409,7.464054444444445
2022-11-07,Unknown,deleted,0.0,12001,0.0
2022-11-08,MSIL1C,synchronized,3339.0977065339684,7393,4.108045833333334
2022-11-08,Unknown,deleted,0.0,12000,0.0
2022-11-09,MSIL1C,synchronized,4377.676125030965,9616,4.029399722222222
2022-11-09,Unknown,deleted,0.0,12060,0.0
2022-11-10,MSIL1C,synchronized,4490.04626538232,9748,4.261467638888888
2022-11-10,Unknown,deleted,0.0,12166,0.0
2022-11-11,MSIL1C,synchronized,4116.478462434374,9014,8.386300138888888
2022-11-11,Unknown,deleted,0.0,12061,0.0
2022-11-12,MSIL1C,synchronized,4950.466214498505,10820,4.684217222222222
2022-11-12,Unknown,deleted,0.0,12000,0.0
2022-11-13,MSIL1C,synchronized,4099.178722104989,8893,6.009875833333333
2022-11-13,Unknown,deleted,0.0,12000,0.0
2022-11-14,MSIL1C,synchronized,5576.617112715729,12099,5.2315652777777775
2022-11-14,Unknown,deleted,0.0,12155,0.0
2022-11-15,MSIL1C,synchronized,4584.860000601038,9982,4.067659166666667
2022-11-15,Unknown,deleted,0.0,12000,0.0
2022-11-16,MSIL1C,synchronized,4628.139144043438,10125,4.092127777777778
2022-11-16,Unknown,deleted,0.0,12004,0.0
2022-11-17,MSIL1C,synchronized,4538.353649126366,9838,3.925694166666667
2022-11-17,Unknown,deleted,0.0,12000,0.0
2022-11-18,MSIL1C,synchronized,4565.245256678201,9927,3.787812222222222
2022-11-18,Unknown,deleted,0.0,12007,0.0
2022-11-19,MSIL1C,synchronized,316.3370960922912,731,2.5306705555555555
2022-11-19,Unknown,deleted,0.0,1000,0.0
2022-11-23,MSIL1C,synchronized,2398.76371844206,5119,30.792786944444444
2022-11-23,Unknown,deleted,0.0,7078,0.0
2022-11-24,MSIL1C,synchronized,85.25170584768057,174,3.499456666666667
2022-11-24,Unknown,deleted,0.0,12000,0.0
2022-11-25,MSIL1C,synchronized,2337.8984266547486,5109,4.4558625
2022-11-25,Unknown,deleted,0.0,12096,0.0
2022-11-26,MSIL1C,synchronized,4555.5281943734735,9989,3.8499861111111113
2022-11-26,Unknown,deleted,0.0,12348,0.0
2022-11-27,MSIL1C,synchronized,4228.324012720957,9247,3.7287969444444444
2022-11-27,Unknown,deleted,0.0,12000,0.0
2022-11-28,MSIL1C,synchronized,4393.418164580129,9651,4.1044205555555555
2022-11-28,Unknown,deleted,0.0,12178,0.0
2022-12-05,MSIL1C,synchronized,212.27027453109622,411,104.58823083333333
2022-12-05,Unknown,deleted,0.0,1021,0.0
2022-12-05,MSIL1C,synchronized,212.27027453109622,411,104.58823083333333
2022-12-05,Unknown,deleted,0.0,1021,0.0
2022-12-14,MSIL1C,synchronized,4915.812900188379,10618,305.45056847222224
2022-12-14,Unknown,deleted,0.0,121,0.0
2022-12-15,MSIL1C,synchronized,10055.345205910504,21952,271.5123031944444
2022-12-15,Unknown,deleted,0.0,63,0.0
2022-12-18,MSIL1C,synchronized,178.87660103477538,377,125.96603555555555
2022-12-18,Unknown,deleted,0.0,54,0.0
2022-12-18,MSIL1C,synchronized,178.87660103477538,377,125.96603555555555
2022-12-18,Unknown,deleted,0.0,54,0.0
2022-12-18,MSIL1C,synchronized,178.87660103477538,377,125.96603555555555
2022-12-18,Unknown,deleted,0.0,54,0.0
2022-12-19,MSIL1C,synchronized,40.62858973443508,79,91.72874444444444
2022-12-19,Unknown,deleted,0.0,46,0.0
2022-12-19,MSIL1C,synchronized,40.62858973443508,79,91.72874444444444
2022-12-19,Unknown,deleted,0.0,46,0.0
2022-12-20,MSIL1C,synchronized,17.794415624812245,41,3927.613186111111
2022-12-20,Unknown,deleted,0.0,52,0.0
2022-12-22,MSIL1C,synchronized,27.9303768184036,59,27.401843333333332
2022-12-22,Unknown,deleted,0.0,24,0.0
2022-12-22,MSIL1C,synchronized,27.9303768184036,59,27.401843333333332
2022-12-22,Unknown,deleted,0.0,24,0.0
2022-12-23,MSIL1C,synchronized,20.735949096269906,44,7.133552083333333
2022-12-23,Unknown,deleted,0.0,49,0.0
2022-12-24,MSIL1C,synchronized,95.60749058425426,192,26.94323416666667
2022-12-24,Unknown,deleted,0.0,9,0.0
2022-12-25,Unknown,deleted,0.0,20,0.0
2022-12-26,Unknown,deleted,0.0,15,0.0
2022-12-27,Unknown,deleted,0.0,14,0.0
2022-12-29,Unknown,deleted,0.0,17,0.0
2022-12-30,Unknown,deleted,0.0,16,0.0
2022-12-31,Unknown,deleted,0.0,16,0.0
2023-01-01,Unknown,deleted,0.0,16,0.0
2023-01-02,Unknown,deleted,0.0,15,0.0
2023-01-04,MSIL1C,synchronized,17.902997879311442,36,5.167351666666667
2023-01-04,Unknown,deleted,0.0,26,0.0
2023-01-05,MSIL1C,synchronized,15.046786224469543,31,4.039002777777778
2023-01-05,Unknown,deleted,0.0,35,0.0
2023-01-06,MSIL1C,synchronized,20.543069936335087,48,5.2694125
2023-01-06,Unknown,deleted,0.0,23,0.0
2023-01-07,MSIL1C,synchronized,18.70736630540341,40,4.8994863888888895
2023-01-07,Unknown,deleted,0.0,29,0.0
2023-01-08,MSIL1C,synchronized,17.199137713760138,34,4.050208472222222
2023-01-08,Unknown,deleted,0.0,32,0.0
2023-01-09,MSIL1C,synchronized,548.2618079222739,1180,167.3462591666667
2023-01-09,Unknown,deleted,0.0,38,0.0
2023-01-10,MSIL1C,synchronized,22.94604760967195,51,6.151078611111112
2023-01-10,Unknown,deleted,0.0,48,0.0
2023-01-11,MSIL1C,synchronized,1.70160202216357,4,336.41559777777775
2023-01-11,Unknown,deleted,0.0,22,0.0
