2021-09-30,MSIL2A,synchronized,9412.807666223496,15242,13.342266527777777
2021-09-30,Unknown,deleted,0.0,20,0.0
2021-10-01,MSIL2A,synchronized,6334.366773991846,10496,6.490840416666666
2021-10-01,Unknown,deleted,0.0,19,0.0
2021-10-06,MSIL2A,synchronized,6874.317260012962,11282,109.70674847222222
2021-10-06,Unknown,deleted,0.0,2,0.0
2021-10-07,MSIL2A,synchronized,19150.24964661151,31524,92.31386972222222
2021-10-07,Unknown,deleted,0.0,837,0.0
2021-10-08,MSIL2A,synchronized,19994.612128007226,32254,20.390664444444447
2021-10-08,Unknown,deleted,0.0,487,0.0
2021-10-09,MSIL2A,synchronized,7381.187656443566,12029,6.445198055555555
2021-10-09,Unknown,deleted,0.0,8,0.0
2021-10-10,MSIL2A,synchronized,6812.943484406918,11129,6.339403611111111
2021-10-10,Unknown,deleted,0.0,17,0.0
2021-10-11,MSIL2A,synchronized,7130.0971143990755,11656,6.237734027777778
2021-10-11,Unknown,deleted,0.0,5,0.0
2021-10-12,MSIL2A,synchronized,6851.244635678828,11174,6.118945138888889
2021-10-12,Unknown,deleted,0.0,10,0.0
2021-10-13,MSIL2A,synchronized,6889.347113237716,11179,6.265727222222222
2021-10-13,Unknown,deleted,0.0,51,0.0
2021-10-14,MSIL2A,synchronized,6533.693093171343,10602,6.423769166666666
2021-10-15,MSIL2A,synchronized,5523.446398545988,9000,6.227181944444444
2021-10-15,Unknown,deleted,0.0,14,0.0
2021-10-16,MSIL2A,synchronized,8490.504552072845,13812,9.248210138888888
2021-10-16,Unknown,deleted,0.0,4,0.0
2021-10-17,MSIL2A,synchronized,6540.4297686563805,10575,6.11724
2021-10-17,Unknown,deleted,0.0,3,0.0
2021-10-18,MSIL2A,synchronized,6692.7468635793775,10811,6.001314166666667
2021-10-18,Unknown,deleted,0.0,31,0.0
2021-10-19,MSIL2A,synchronized,6616.482475506142,10844,5.943152638888889
2021-10-19,Unknown,deleted,0.0,6,0.0
2021-10-20,MSIL2A,synchronized,6416.453765645623,10479,5.975443611111111
2021-10-20,Unknown,deleted,0.0,31545,0.0
2021-10-21,MSIL2A,synchronized,6827.070661211386,11118,6.123618472222223
2021-10-21,Unknown,deleted,0.0,11159,0.0
2021-10-22,MSIL2A,synchronized,6659.547603825107,10754,5.921712222222222
2021-10-22,Unknown,deleted,0.0,31333,0.0
2021-10-23,MSIL2A,synchronized,6550.787394834682,10489,5.787619444444444
2021-10-23,Unknown,deleted,0.0,32499,0.0
2021-10-24,MSIL2A,synchronized,6405.260566224344,10311,5.876255555555556
2021-10-24,Unknown,deleted,0.0,12057,0.0
2021-10-25,MSIL2A,synchronized,5633.642971402034,9172,5.872635000000001
2021-10-25,Unknown,deleted,0.0,11093,0.0
2021-10-26,MSIL2A,synchronized,6751.438614505343,10937,6.16277
2021-10-26,Unknown,deleted,0.0,11678,0.0
2021-10-27,MSIL2A,synchronized,6776.36812386848,10951,5.653748888888889
2021-10-27,Unknown,deleted,0.0,11158,0.0
2021-10-28,MSIL2A,synchronized,6479.385458917357,10386,5.887421388888889
2021-10-28,Unknown,deleted,0.0,11251,0.0
2021-10-29,MSIL2A,synchronized,6276.141793445684,10101,5.7757572222222215
2021-10-29,Unknown,deleted,0.0,10543,0.0
2021-10-30,MSIL2A,synchronized,6022.439319629222,9661,5.434796666666666
2021-10-30,Unknown,deleted,0.0,9023,0.0
2021-10-31,MSIL2A,synchronized,6573.537903092802,10632,5.644594722222222
2021-10-31,Unknown,deleted,0.0,13836,0.0
2021-11-01,MSIL2A,synchronized,5208.529881475493,8355,5.974604722222223
2021-11-01,Unknown,deleted,0.0,10567,0.0
2021-11-02,MSIL2A,synchronized,6090.200343891978,9804,7.782994444444444
2021-11-02,Unknown,deleted,0.0,10847,0.0
2021-11-03,MSIL2A,synchronized,6819.157863845117,11048,6.357240694444444
2021-11-03,Unknown,deleted,0.0,10803,0.0
2021-11-04,MSIL2A,synchronized,4209.343345711008,6843,5.804964444444444
2021-11-04,Unknown,deleted,0.0,10449,0.0
2021-11-05,MSIL2A,synchronized,4819.720825388096,7869,5.5382266666666675
2021-11-05,Unknown,deleted,0.0,11150,0.0
2021-11-06,MSIL2A,synchronized,4110.980849591084,6677,5.493168611111111
2021-11-06,Unknown,deleted,0.0,10707,0.0
2021-11-07,MSIL2A,synchronized,4909.181214378215,8133,5.250363888888889
2021-11-07,Unknown,deleted,0.0,10659,0.0
2021-11-08,MSIL2A,synchronized,5436.827013624832,8814,5.344713194444445
2021-11-08,Unknown,deleted,0.0,10372,0.0
2021-11-09,MSIL2A,synchronized,4400.814120771363,7229,4.560795833333334
2021-11-09,Unknown,deleted,0.0,9085,0.0
2021-11-10,MSIL2A,synchronized,6512.045782496221,10418,5.804744027777778
2021-11-10,Unknown,deleted,0.0,10948,0.0
2021-11-11,MSIL2A,synchronized,4400.324704794213,7057,6.5434463888888885
2021-11-11,Unknown,deleted,0.0,10968,0.0
2021-11-12,MSIL2A,synchronized,4718.310900598764,7564,6.560820972222222
2021-11-12,Unknown,deleted,0.0,10311,0.0
2021-11-13,MSIL2A,synchronized,2716.4463394964114,4529,5.701195
2021-11-13,Unknown,deleted,0.0,10158,0.0
2021-11-14,MSIL2A,synchronized,1161.8573471428826,1780,25.907805694444445
2021-11-14,Unknown,deleted,0.0,9814,0.0
2021-11-15,MSIL2A,synchronized,6089.825973205268,10149,87.48492250000001
2021-11-15,Unknown,deleted,0.0,10477,0.0
2021-11-16,MSIL2A,synchronized,16049.431361918338,25881,35.568089444444446
2021-11-16,Unknown,deleted,0.0,8418,0.0
2021-11-17,MSIL2A,synchronized,8946.25633719936,14467,7.1629347222222215
2021-11-17,Unknown,deleted,0.0,3070,0.0
2021-11-18,MSIL2A,synchronized,4624.5471164193,7531,6.040665555555556
2021-11-18,Unknown,deleted,0.0,12,0.0
2021-11-19,MSIL2A,synchronized,3849.4409089675173,6412,14.436199444444444
2021-11-19,Unknown,deleted,0.0,21,0.0
2021-11-20,MSIL2A,synchronized,1417.7897774931043,2132,25.290779166666667
2021-11-20,Unknown,deleted,0.0,10,0.0
2021-11-21,MSIL2A,synchronized,915.7277002325282,1510,46.100307083333334
2021-11-22,MSIL2A,synchronized,6605.5941635025665,10809,52.0868325
2021-11-22,Unknown,deleted,0.0,7,0.0
2021-11-23,MSIL2A,synchronized,3353.8123952317983,5311,5.643906666666666
2021-11-23,Unknown,deleted,0.0,15,0.0
2021-11-24,MSIL2A,synchronized,5661.290459658951,9072,5.536122638888889
2021-11-25,MSIL2A,synchronized,5247.3878636118025,8530,5.557381666666666
2021-11-25,Unknown,deleted,0.0,4,0.0
2021-11-26,MSIL2A,synchronized,5434.561465010978,8749,5.083653888888889
2021-11-26,Unknown,deleted,0.0,7,0.0
2021-11-27,MSIL2A,synchronized,5497.712317354046,8857,5.147459444444444
2021-11-28,MSIL2A,synchronized,5509.490153790452,8977,5.502220277777777
2021-11-28,Unknown,deleted,0.0,7,0.0
2021-11-29,MSIL2A,synchronized,5467.577738351189,8823,5.439818888888889
2021-11-29,Unknown,deleted,0.0,4,0.0
2021-11-30,MSIL2A,synchronized,5383.628678171895,8720,5.6263122222222215
2021-11-30,Unknown,deleted,0.0,12,0.0
2021-12-01,MSIL2A,synchronized,5389.698599911295,8684,5.824580138888889
2021-12-02,MSIL2A,synchronized,5579.200043904595,9076,5.269879444444445
2021-12-03,MSIL2A,synchronized,5543.5091398907825,8954,5.18612888888889
2021-12-03,Unknown,deleted,0.0,6648,0.0
2021-12-04,MSIL2A,synchronized,5543.060731034726,8956,5.347942083333333
2021-12-04,Unknown,deleted,0.0,11070,0.0
2021-12-05,MSIL2A,synchronized,5313.304569908418,8715,5.106906666666667
2021-12-05,Unknown,deleted,0.0,6858,0.0
2021-12-06,MSIL2A,synchronized,5339.105616983026,8678,5.13286875
2021-12-06,Unknown,deleted,0.0,8015,0.0
2021-12-07,MSIL2A,synchronized,5510.977175612934,8928,5.423694861111111
2021-12-07,Unknown,deleted,0.0,6583,0.0
2021-12-08,MSIL2A,synchronized,5536.606142673641,8979,5.311026666666667
2021-12-08,Unknown,deleted,0.0,8076,0.0
2021-12-09,MSIL2A,synchronized,2584.8730579428375,4135,5.254729722222222
2021-12-09,Unknown,deleted,0.0,9090,0.0
2021-12-10,MSIL2A,synchronized,8127.473567673005,13360,10.768381944444444
2021-12-10,Unknown,deleted,0.0,7848,0.0
2021-12-11,MSIL2A,synchronized,5398.141170508228,8709,4.9195975
2021-12-11,Unknown,deleted,0.0,10369,0.0
2021-12-12,MSIL2A,synchronized,5445.187099460512,8940,5.172122916666667
2021-12-12,Unknown,deleted,0.0,7157,0.0
2021-12-13,MSIL2A,synchronized,3836.3534731790423,6224,4.297875138888889
2021-12-13,Unknown,deleted,0.0,7404,0.0
2021-12-14,MSIL2A,synchronized,3451.3137505138293,5718,4.492137638888889
2021-12-14,Unknown,deleted,0.0,4699,0.0
2021-12-15,MSIL2A,synchronized,4467.331122757867,7492,4.818204583333333
2021-12-15,Unknown,deleted,0.0,1780,0.0
2021-12-16,MSIL2A,synchronized,5349.604815301485,8747,5.397141944444444
2021-12-16,Unknown,deleted,0.0,10056,0.0
2021-12-17,MSIL2A,synchronized,5362.49848676566,8764,5.073692361111111
2021-12-17,Unknown,deleted,0.0,25812,0.0
2021-12-18,MSIL2A,synchronized,5252.994543841109,8642,4.895115694444444
2021-12-18,Unknown,deleted,0.0,12291,0.0
2021-12-19,MSIL2A,synchronized,5285.0607917504385,8635,4.985696111111111
2021-12-19,Unknown,deleted,0.0,3785,0.0
2021-12-20,MSIL2A,synchronized,5254.152436118573,8627,4.964493333333333
2021-12-20,Unknown,deleted,0.0,6428,0.0
2021-12-21,MSIL2A,synchronized,5460.068599379621,8920,4.952540694444444
2021-12-21,Unknown,deleted,0.0,2140,0.0
2021-12-22,MSIL2A,synchronized,5403.36082890071,8825,5.005260833333333
2021-12-22,Unknown,deleted,0.0,1510,0.0
2021-12-23,MSIL2A,synchronized,5305.6407121876255,8723,4.88845888888889
2021-12-23,Unknown,deleted,0.0,9508,0.0
2021-12-24,MSIL2A,synchronized,5354.291936038062,8709,5.1428119444444444
2021-12-24,Unknown,deleted,0.0,5310,0.0
2021-12-25,MSIL2A,synchronized,5173.531344419345,8540,4.818696527777778
2021-12-25,Unknown,deleted,0.0,9072,0.0
2021-12-26,MSIL2A,synchronized,5241.361205576919,8556,4.933276111111111
2021-12-26,Unknown,deleted,0.0,8410,0.0
2021-12-27,MSIL2A,synchronized,5293.5390024110675,8669,4.988899722222222
2021-12-27,Unknown,deleted,0.0,8868,0.0
2021-12-28,MSIL2A,synchronized,5219.928316984326,8637,5.199804166666667
2021-12-28,Unknown,deleted,0.0,8814,0.0
2021-12-29,MSIL2A,synchronized,5205.984594607726,8472,5.041940555555556
2021-12-29,Unknown,deleted,0.0,8929,0.0
2021-12-30,MSIL2A,synchronized,5317.237936053425,8820,5.0744581944444445
2021-12-30,Unknown,deleted,0.0,8801,0.0
2021-12-31,MSIL2A,synchronized,5369.932288924232,8782,4.86525138888889
2021-12-31,Unknown,deleted,0.0,8799,0.0
2022-01-01,MSIL2A,synchronized,5399.611203498207,8905,5.023731388888889
2022-01-01,Unknown,deleted,0.0,8718,0.0
2022-01-02,MSIL2A,synchronized,5041.732879959047,8259,4.79892
2022-01-02,Unknown,deleted,0.0,8946,0.0
2022-01-03,MSIL2A,synchronized,5246.318897916935,8587,5.399876111111111
2022-01-03,Unknown,deleted,0.0,9023,0.0
2022-01-04,MSIL2A,synchronized,4671.829105169512,7917,4.497766111111111
2022-01-04,Unknown,deleted,0.0,8976,0.0
2022-01-05,MSIL2A,synchronized,5261.694851119071,8570,5.0581595833333335
2022-01-05,Unknown,deleted,0.0,8577,0.0
2022-01-06,MSIL2A,synchronized,5466.999045856297,8913,5.143846111111111
2022-01-06,Unknown,deleted,0.0,8768,0.0
2022-01-07,MSIL2A,synchronized,5339.57032885775,8742,5.0655600000000005
2022-01-07,Unknown,deleted,0.0,8966,0.0
2022-01-08,MSIL2A,synchronized,5183.1650190241635,8342,5.187515416666667
2022-01-08,Unknown,deleted,0.0,8991,0.0
2022-01-09,MSIL2A,synchronized,5367.29683596734,8941,5.129373333333333
2022-01-09,Unknown,deleted,0.0,4153,0.0
2022-01-10,MSIL2A,synchronized,5561.855326300487,9110,4.611342083333334
2022-01-10,Unknown,deleted,0.0,13414,0.0
2022-01-11,MSIL2A,synchronized,5620.242239370942,9154,5.104297083333334
2022-01-11,Unknown,deleted,0.0,9086,0.0
2022-01-12,MSIL2A,synchronized,5438.786498328671,8972,4.966398888888889
2022-01-12,Unknown,deleted,0.0,8896,0.0
2022-01-13,MSIL2A,synchronized,5571.687614918686,9067,4.998929444444444
2022-01-13,Unknown,deleted,0.0,6269,0.0
2022-01-14,MSIL2A,synchronized,5415.146977142431,8937,5.017836388888889
2022-01-14,Unknown,deleted,0.0,5689,0.0
2022-01-15,MSIL2A,synchronized,5295.513465865515,8722,4.870015277777778
2022-01-15,Unknown,deleted,0.0,7505,0.0
2022-01-16,MSIL2A,synchronized,5612.149341895245,9219,5.128023333333333
2022-01-16,Unknown,deleted,0.0,8629,0.0
2022-01-17,MSIL2A,synchronized,5321.787149335258,8812,4.851069166666667
2022-01-17,Unknown,deleted,0.0,8906,0.0
2022-01-18,MSIL2A,synchronized,5571.291747873649,9015,5.262372222222223
2022-01-18,Unknown,deleted,0.0,8625,0.0
2022-01-19,MSIL2A,synchronized,3754.046860379167,6302,4.854819166666667
2022-01-19,Unknown,deleted,0.0,8636,0.0
2022-01-20,MSIL2A,synchronized,3579.544913634658,5854,5.2445375
2022-01-20,Unknown,deleted,0.0,5000,0.0
2022-01-21,MSIL2A,synchronized,5625.834676157683,9223,7.267668055555555
2022-01-21,Unknown,deleted,0.0,12560,0.0
2022-01-22,MSIL2A,synchronized,5802.8644556561485,9472,5.165071944444445
2022-01-22,Unknown,deleted,0.0,8822,0.0
2022-01-23,MSIL2A,synchronized,5538.855240785517,9076,5.566205833333333
2022-01-23,Unknown,deleted,0.0,8731,0.0
2022-01-24,MSIL2A,synchronized,5311.140444721095,8669,4.904115833333333
2022-01-24,Unknown,deleted,0.0,8709,0.0
2022-01-25,MSIL2A,synchronized,5159.046355337836,8291,7.760241388888889
2022-01-25,Unknown,deleted,0.0,8540,0.0
2022-01-26,MSIL2A,synchronized,5854.7512024808675,9459,5.892157777777777
2022-01-26,Unknown,deleted,0.0,8556,0.0
2022-01-27,MSIL2A,synchronized,5429.325827460736,8913,5.838150833333334
2022-01-27,Unknown,deleted,0.0,8661,0.0
2022-01-28,MSIL2A,synchronized,5707.647922473028,9208,5.990852638888889
2022-01-28,Unknown,deleted,0.0,8645,0.0
2022-01-29,MSIL2A,synchronized,5899.068296550773,9645,6.641196388888889
2022-01-29,Unknown,deleted,0.0,8379,0.0
2022-01-30,MSIL2A,synchronized,5862.064595061354,9632,6.1900313888888885
2022-01-30,Unknown,deleted,0.0,8886,0.0
2022-01-31,MSIL2A,synchronized,6207.2689128750935,10018,6.757043333333334
2022-01-31,Unknown,deleted,0.0,8807,0.0
2022-02-01,MSIL2A,synchronized,6179.837171906605,10003,7.1269350000000005
2022-02-01,Unknown,deleted,0.0,8873,0.0
2022-02-02,MSIL2A,synchronized,6004.875776035711,9718,7.126551388888889
2022-02-02,Unknown,deleted,0.0,8269,0.0
2022-02-03,MSIL2A,synchronized,5799.154882058501,9581,6.193593611111112
2022-02-03,Unknown,deleted,0.0,8509,0.0
2022-02-04,MSIL2A,synchronized,6632.58875732962,10639,7.657791944444444
2022-02-04,Unknown,deleted,0.0,8005,0.0
2022-02-05,MSIL2A,synchronized,5765.0322437454015,9245,6.350157777777778
2022-02-05,Unknown,deleted,0.0,8477,0.0
2022-02-06,MSIL2A,synchronized,6472.869335921481,10507,6.455783611111111
2022-02-06,Unknown,deleted,0.0,8983,0.0
2022-02-07,MSIL2A,synchronized,6156.014878437854,9802,7.798059305555556
2022-02-07,Unknown,deleted,0.0,8678,0.0
2022-02-08,MSIL2A,synchronized,5664.559027867392,9122,6.65553
2022-02-08,Unknown,deleted,0.0,8318,0.0
2022-02-09,MSIL2A,synchronized,6552.8620333829895,10525,6.093176111111111
2022-02-09,Unknown,deleted,0.0,9077,0.0
2022-02-10,MSIL2A,synchronized,5957.934056879021,9562,6.925789305555556
2022-02-10,Unknown,deleted,0.0,8838,0.0
2022-02-11,MSIL2A,synchronized,6740.6644653864205,10750,6.937419444444444
2022-02-11,Unknown,deleted,0.0,9090,0.0
2022-02-12,MSIL2A,synchronized,6119.076293481514,9697,6.759256111111111
2022-02-12,Unknown,deleted,0.0,8983,0.0
2022-02-13,MSIL2A,synchronized,6448.6914766402915,10406,6.531226388888888
2022-02-13,Unknown,deleted,0.0,9054,0.0
2022-02-14,MSIL2A,synchronized,6406.592847298831,10071,7.020525
2022-02-14,Unknown,deleted,0.0,8930,0.0
2022-02-15,MSIL2A,synchronized,6453.7222914220765,10231,6.884201944444444
2022-02-15,Unknown,deleted,0.0,8699,0.0
2022-02-16,MSIL2A,synchronized,6361.7882911637425,10297,6.573629722222222
2022-02-16,Unknown,deleted,0.0,9231,0.0
2022-02-17,MSIL2A,synchronized,6549.230708668008,10479,6.7679188888888895
2022-02-17,Unknown,deleted,0.0,8734,0.0
2022-02-18,MSIL2A,synchronized,4632.281874928623,7557,6.6504975
2022-02-18,Unknown,deleted,0.0,9089,0.0
2022-02-19,MSIL2A,synchronized,7159.867733401246,11596,6.731471388888889
2022-02-19,Unknown,deleted,0.0,5196,0.0
2022-02-20,MSIL2A,synchronized,6936.29070472531,11214,7.100899583333334
2022-02-20,Unknown,deleted,0.0,7017,0.0
2022-02-21,MSIL2A,synchronized,7308.389477996156,11992,6.8482208333333325
2022-02-21,Unknown,deleted,0.0,9122,0.0
2022-02-22,MSIL2A,synchronized,6360.186774929985,10444,7.068767222222222
2022-02-22,Unknown,deleted,0.0,9462,0.0
2022-02-23,MSIL2A,synchronized,7057.124742121436,11574,6.592511388888889
2022-02-23,Unknown,deleted,0.0,9136,0.0
2022-02-24,MSIL2A,synchronized,6653.103012723848,10723,7.474851944444445
2022-02-24,Unknown,deleted,0.0,8555,0.0
2022-02-25,MSIL2A,synchronized,7056.204460113309,11391,7.005725833333334
2022-02-25,Unknown,deleted,0.0,8274,0.0
2022-02-26,MSIL2A,synchronized,6897.559827273712,11150,6.315942222222223
2022-02-26,Unknown,deleted,0.0,9560,0.0
2022-02-27,MSIL2A,synchronized,6208.144817080349,10020,6.357522638888889
2022-02-27,Unknown,deleted,0.0,8940,0.0
2022-02-28,MSIL2A,synchronized,7017.136294488795,11404,6.934832222222223
2022-02-28,Unknown,deleted,0.0,9174,0.0
2022-03-01,MSIL2A,synchronized,6652.636514073238,10735,6.839302777777778
2022-03-01,Unknown,deleted,0.0,9596,0.0
2022-03-02,MSIL2A,synchronized,6697.913127551787,10663,7.274931944444445
2022-03-02,Unknown,deleted,0.0,9615,0.0
2022-03-03,MSIL2A,synchronized,6677.22301229462,11003,6.580256944444444
2022-03-03,Unknown,deleted,0.0,10012,0.0
2022-03-04,MSIL2A,synchronized,6401.193842477165,10349,7.059764444444444
2022-03-04,Unknown,deleted,0.0,10122,0.0
2022-03-05,MSIL2A,synchronized,7566.332823126577,12310,10.7289825
2022-03-05,Unknown,deleted,0.0,9750,0.0
2022-03-06,MSIL2A,synchronized,8022.596234397963,12953,6.890549444444444
2022-03-06,Unknown,deleted,0.0,9547,0.0
2022-03-07,MSIL2A,synchronized,6927.53462142311,11258,6.951107499999999
2022-03-07,Unknown,deleted,0.0,10523,0.0
2022-03-08,MSIL2A,synchronized,7492.677634302527,12172,6.722299861111111
2022-03-08,Unknown,deleted,0.0,9225,0.0
2022-03-09,MSIL2A,synchronized,6885.973982919939,11219,6.864036666666666
2022-03-09,Unknown,deleted,0.0,10558,0.0
2022-03-10,MSIL2A,synchronized,6826.680613057688,11202,7.257172361111111
2022-03-10,Unknown,deleted,0.0,9909,0.0
2022-03-11,MSIL2A,synchronized,7479.468380530365,12278,7.1344980555555555
2022-03-11,Unknown,deleted,0.0,9063,0.0
2022-03-12,MSIL2A,synchronized,7267.808408074081,11929,6.6880194444444445
2022-03-12,Unknown,deleted,0.0,10425,0.0
2022-03-13,MSIL2A,synchronized,7169.291596191935,11747,6.712564722222222
2022-03-13,Unknown,deleted,0.0,9352,0.0
2022-03-14,MSIL2A,synchronized,7066.216971361078,11446,6.993798472222222
2022-03-14,Unknown,deleted,0.0,10553,0.0
2022-03-15,MSIL2A,synchronized,7578.473492802121,12480,7.0040575
2022-03-15,Unknown,deleted,0.0,9634,0.0
2022-03-16,MSIL2A,synchronized,7131.719603811391,11657,7.145541388888889
2022-03-16,Unknown,deleted,0.0,10448,0.0
2022-03-17,MSIL2A,synchronized,7235.383119977079,11827,7.095006111111111
2022-03-17,Unknown,deleted,0.0,10150,0.0
2022-03-18,MSIL2A,synchronized,7273.026892375201,12056,7.430903611111111
2022-03-18,Unknown,deleted,0.0,10132,0.0
2022-03-19,MSIL2A,synchronized,7529.872536889277,12213,6.830050833333334
2022-03-19,Unknown,deleted,0.0,10297,0.0
2022-03-20,MSIL2A,synchronized,7063.246766733006,11634,6.696873194444445
2022-03-20,Unknown,deleted,0.0,10547,0.0
2022-03-21,MSIL2A,synchronized,7267.470623687841,11777,6.978353611111111
2022-03-21,Unknown,deleted,0.0,7599,0.0
2022-03-22,MSIL2A,synchronized,7514.833965295926,12363,7.278184444444444
2022-03-22,Unknown,deleted,0.0,11616,0.0
2022-03-23,MSIL2A,synchronized,4968.925453913398,8263,6.742495833333334
2022-03-23,Unknown,deleted,0.0,11154,0.0
2022-03-24,MSIL2A,synchronized,9612.159734876826,15508,17.773449444444445
2022-03-24,Unknown,deleted,0.0,11920,0.0
2022-03-25,MSIL2A,synchronized,8171.447046981193,13361,7.667070555555556
2022-03-25,Unknown,deleted,0.0,10488,0.0
2022-03-26,MSIL2A,synchronized,7634.880136845633,12498,7.173905277777777
2022-03-26,Unknown,deleted,0.0,11599,0.0
2022-03-27,MSIL2A,synchronized,7453.764004169963,12151,7.173984722222222
2022-03-27,Unknown,deleted,0.0,10808,0.0
2022-03-28,MSIL2A,synchronized,7682.531937818974,12508,7.2686391666666665
2022-03-28,Unknown,deleted,0.0,11321,0.0
2022-03-29,MSIL2A,synchronized,7360.154270543717,12088,7.357852916666666
2022-03-29,Unknown,deleted,0.0,11184,0.0
2022-03-30,MSIL2A,synchronized,7819.723327652551,12824,7.727406527777777
2022-03-30,Unknown,deleted,0.0,9936,0.0
2022-03-31,MSIL2A,synchronized,7271.98102117423,11931,7.431032500000001
2022-03-31,Unknown,deleted,0.0,11415,0.0
2022-04-01,MSIL2A,synchronized,7559.803959425539,12487,7.724128888888889
2022-04-01,Unknown,deleted,0.0,10789,0.0
2022-04-02,MSIL2A,synchronized,7847.042878553271,12900,8.055227222222221
2022-04-02,Unknown,deleted,0.0,10680,0.0
2022-04-03,MSIL2A,synchronized,6897.91784983594,11215,7.6396911111111105
2022-04-03,Unknown,deleted,0.0,11051,0.0
2022-04-04,MSIL2A,synchronized,8178.748617921025,13301,8.795503333333334
2022-04-04,Unknown,deleted,0.0,10308,0.0
2022-04-05,MSIL2A,synchronized,7773.888282406144,12599,7.3760433333333335
2022-04-05,Unknown,deleted,0.0,12227,0.0
2022-04-06,MSIL2A,synchronized,6951.573189814575,11364,7.202130416666667
2022-04-06,Unknown,deleted,0.0,13048,0.0
2022-04-07,MSIL2A,synchronized,7968.927797441371,12916,8.562699305555554
2022-04-07,Unknown,deleted,0.0,11267,0.0
2022-04-08,MSIL2A,synchronized,7544.878303053789,12204,7.396573333333333
2022-04-08,Unknown,deleted,0.0,12133,0.0
2022-04-09,MSIL2A,synchronized,7910.9117436837405,12896,7.670376111111111
2022-04-09,Unknown,deleted,0.0,11188,0.0
2022-04-10,MSIL2A,synchronized,7456.898750817403,12153,8.326433611111112
2022-04-10,Unknown,deleted,0.0,11348,0.0
2022-04-11,MSIL2A,synchronized,7780.990788723342,12690,8.386360972222223
2022-04-11,Unknown,deleted,0.0,12136,0.0
2022-04-12,MSIL2A,synchronized,7596.630956067704,12375,7.4847688888888895
2022-04-12,Unknown,deleted,0.0,11912,0.0
2022-04-13,MSIL2A,synchronized,7678.974574416876,12419,7.790165
2022-04-13,Unknown,deleted,0.0,11871,0.0
2022-04-14,MSIL2A,synchronized,7331.35754543636,12036,7.722587361111111
2022-04-14,Unknown,deleted,0.0,11437,0.0
2022-04-15,MSIL2A,synchronized,7541.7041254118085,12401,7.608738611111111
2022-04-15,Unknown,deleted,0.0,12619,0.0
2022-04-16,MSIL2A,synchronized,7251.1475745830685,11819,8.549190277777777
2022-04-16,Unknown,deleted,0.0,11626,0.0
2022-04-17,MSIL2A,synchronized,8014.527109611779,13265,9.424452222222222
2022-04-17,Unknown,deleted,0.0,11777,0.0
2022-04-18,MSIL2A,synchronized,7588.744507235475,12559,7.090726388888889
2022-04-18,Unknown,deleted,0.0,12091,0.0
2022-04-19,MSIL2A,synchronized,7749.584426787682,12786,7.803966944444444
2022-04-19,Unknown,deleted,0.0,12208,0.0
2022-04-20,MSIL2A,synchronized,6800.638906591572,11204,7.470976944444445
2022-04-20,Unknown,deleted,0.0,11705,0.0
2022-04-21,MSIL2A,synchronized,8148.917998421937,13414,8.425765555555557
2022-04-21,Unknown,deleted,0.0,11651,0.0
2022-04-23,MSIL2A,synchronized,7036.08040581923,11512,7.611457638888888
2022-04-23,Unknown,deleted,0.0,8356,0.0
2022-04-24,MSIL2A,synchronized,7516.149944746867,12284,8.372487222222222
2022-04-24,Unknown,deleted,0.0,15328,0.0
2022-04-22,MSIL2A,synchronized,7426.868685585447,12126,7.835571111111111
2022-04-22,Unknown,deleted,0.0,12386,0.0
2022-04-25,MSIL2A,synchronized,7966.628244635649,13147,8.240186666666666
2022-04-25,Unknown,deleted,0.0,13529,0.0
2022-04-26,MSIL2A,synchronized,7216.2972339382395,11862,7.197793333333333
2022-04-26,Unknown,deleted,0.0,12475,0.0
2022-04-27,MSIL2A,synchronized,8110.481092167087,13308,7.830614027777777
2022-04-27,Unknown,deleted,0.0,12091,0.0
2022-04-28,MSIL2A,synchronized,7188.370003658347,11921,5.903731388888889
2022-04-28,Unknown,deleted,0.0,12517,0.0
2022-04-29,MSIL2A,synchronized,6080.311984214932,10148,7.821624166666666
2022-04-29,Unknown,deleted,0.0,12066,0.0
2022-04-30,MSIL2A,synchronized,8064.853193530813,13122,7.464584027777779
2022-04-30,Unknown,deleted,0.0,12899,0.0
2022-05-01,MSIL2A,synchronized,7547.418185094371,12203,6.993694444444444
2022-05-01,Unknown,deleted,0.0,11851,0.0
2022-05-02,MSIL2A,synchronized,7587.3812040276825,12413,6.7880475
2022-05-02,Unknown,deleted,0.0,12600,0.0
2022-05-03,MSIL2A,synchronized,7986.052902143449,12955,7.297398888888888
2022-05-03,Unknown,deleted,0.0,12909,0.0
2022-05-04,MSIL2A,synchronized,7178.7423316231,11773,7.846859722222222
2022-05-04,Unknown,deleted,0.0,11182,0.0
2022-05-05,MSIL2A,synchronized,7500.546999068931,12279,6.7827166666666665
2022-05-05,Unknown,deleted,0.0,13276,0.0
2022-05-06,MSIL2A,synchronized,6298.7697192803025,10416,7.065160694444445
2022-05-06,Unknown,deleted,0.0,12604,0.0
2022-05-07,MSIL2A,synchronized,8785.330585885793,14411,7.858324722222222
2022-05-07,Unknown,deleted,0.0,11268,0.0
2022-05-08,MSIL2A,synchronized,7675.236678555608,12584,6.507516527777778
2022-05-08,Unknown,deleted,0.0,13063,0.0
2022-05-09,MSIL2A,synchronized,7257.941060028039,11986,8.831755277777777
2022-05-09,Unknown,deleted,0.0,12145,0.0
2022-05-10,MSIL2A,synchronized,7943.134971781634,12967,7.277059722222223
2022-05-10,Unknown,deleted,0.0,12926,0.0
2022-04-22,MSIL2A,synchronized,7426.868685585447,12126,7.835571111111111
2022-04-22,Unknown,deleted,0.0,12386,0.0
2022-05-11,MSIL2A,synchronized,6479.874059914611,10630,7.966189305555556
2022-05-11,Unknown,deleted,0.0,12091,0.0
2022-05-12,MSIL2A,synchronized,6374.0912356078625,10502,8.117789166666666
2022-05-12,Unknown,deleted,0.0,12652,0.0
2022-05-13,MSIL2A,synchronized,6844.679209996015,11251,10.597808333333333
2022-05-13,Unknown,deleted,0.0,12453,0.0
2022-05-14,MSIL2A,synchronized,6510.575050134212,10728,7.952267361111112
2022-05-14,Unknown,deleted,0.0,12435,0.0
2022-05-15,MSIL2A,synchronized,10014.738038834184,16175,18.19345722222222
2022-05-15,Unknown,deleted,0.0,11929,0.0
2022-05-16,MSIL2A,synchronized,9782.783329550177,15962,8.755921388888888
2022-05-16,Unknown,deleted,0.0,12324,0.0
2022-05-17,MSIL2A,synchronized,7363.705897744745,12213,7.099725555555556
2022-05-17,Unknown,deleted,0.0,11778,0.0
2022-05-18,MSIL2A,synchronized,8057.085160085,13172,7.070226944444444
2022-05-18,Unknown,deleted,0.0,13268,0.0
2022-05-19,MSIL2A,synchronized,7609.054074843414,12604,7.77029875
2022-05-19,Unknown,deleted,0.0,12555,0.0
2022-05-20,MSIL2A,synchronized,7582.874320276082,12546,7.041406666666667
2022-05-20,Unknown,deleted,0.0,12812,0.0
2022-05-21,MSIL2A,synchronized,7779.6310270940885,12967,7.434691944444444
2022-05-21,Unknown,deleted,0.0,11233,0.0
2022-05-22,MSIL2A,synchronized,7594.793257480487,12491,6.586607222222222
2022-05-22,Unknown,deleted,0.0,13480,0.0
2022-05-23,MSIL2A,synchronized,6518.108607364818,10881,6.9198305555555555
2022-05-23,Unknown,deleted,0.0,12126,0.0
2022-05-24,MSIL2A,synchronized,8365.545092930086,13744,7.598159722222222
2022-05-24,Unknown,deleted,0.0,11470,0.0
2022-05-25,MSIL2A,synchronized,7361.94389860332,12161,6.869726944444444
2022-05-25,Unknown,deleted,0.0,12244,0.0
2022-05-26,MSIL2A,synchronized,7753.16969071608,12666,7.5370454166666665
2022-05-26,Unknown,deleted,0.0,13190,0.0
2022-05-27,MSIL2A,synchronized,7744.554399354383,12747,6.980068611111111
2022-05-27,Unknown,deleted,0.0,11901,0.0
2022-05-28,MSIL2A,synchronized,7570.061643680558,12393,6.694938055555555
2022-05-28,Unknown,deleted,0.0,13195,0.0
2022-05-29,MSIL2A,synchronized,7400.807899271138,12165,6.728020833333333
2022-05-29,Unknown,deleted,0.0,12034,0.0
2022-05-30,MSIL2A,synchronized,7416.927111046389,12316,6.6262880555555554
2022-05-30,Unknown,deleted,0.0,10148,0.0
2022-05-31,MSIL2A,synchronized,7543.242845861241,12430,7.412006944444444
2022-05-31,Unknown,deleted,0.0,13029,0.0
2022-06-01,MSIL2A,synchronized,7516.6015582401305,12465,6.590134444444445
2022-06-01,Unknown,deleted,0.0,12258,0.0
2022-06-02,MSIL2A,synchronized,6738.797339361161,11020,7.722367500000001
2022-06-02,Unknown,deleted,0.0,12394,0.0
2022-06-03,MSIL2A,synchronized,7827.605595903471,12877,6.750259166666667
2022-06-03,Unknown,deleted,0.0,12948,0.0
2022-06-04,MSIL2A,synchronized,7279.694425410591,11889,6.885515555555555
2022-06-04,Unknown,deleted,0.0,11768,0.0
2022-06-05,MSIL2A,synchronized,7826.0279730279,12848,7.105091944444444
2022-06-05,Unknown,deleted,0.0,12241,0.0
2022-06-06,MSIL2A,synchronized,6697.805422872305,10940,6.512597777777778
2022-06-06,Unknown,deleted,0.0,10398,0.0
2022-06-07,MSIL2A,synchronized,7965.449922396801,12915,6.8472599999999995
2022-06-07,Unknown,deleted,0.0,14537,0.0
2022-06-08,MSIL2A,synchronized,8491.442056503147,13952,7.984981805555556
2022-06-08,Unknown,deleted,0.0,12583,0.0
2022-06-09,MSIL2A,synchronized,7781.870297756977,12641,6.6708808333333325
2022-06-09,Unknown,deleted,0.0,11921,0.0
2022-06-10,MSIL2A,synchronized,8009.464530865662,13185,6.969995555555555
2022-06-10,Unknown,deleted,0.0,13032,0.0
2022-06-11,MSIL2A,synchronized,7667.641462368891,12473,6.2225930555555555
2022-06-11,Unknown,deleted,0.0,10622,0.0
2022-06-12,MSIL2A,synchronized,7023.073562354781,11540,6.118966666666667
2022-06-12,Unknown,deleted,0.0,10510,0.0
2022-06-13,MSIL2A,synchronized,7550.473986574449,12454,6.360884027777778
2022-06-13,Unknown,deleted,0.0,11123,0.0
2022-06-14,MSIL2A,synchronized,8698.463462990709,13968,6.866173611111112
2022-06-14,Unknown,deleted,0.0,10899,0.0
2022-06-15,MSIL2A,synchronized,7816.3431328404695,12622,7.454516944444444
2022-06-15,Unknown,deleted,0.0,16177,0.0
2022-06-16,MSIL2A,synchronized,7650.817700105719,12479,7.6784252777777775
2022-06-16,Unknown,deleted,0.0,15975,0.0
2022-06-17,MSIL2A,synchronized,8015.691169811413,13084,6.634825694444444
2022-06-17,Unknown,deleted,0.0,12176,0.0
2022-06-18,MSIL2A,synchronized,8155.116482517682,13434,6.444212638888889
2022-06-18,Unknown,deleted,0.0,13272,0.0
2022-06-19,MSIL2A,synchronized,7968.075383455493,13012,5.985307361111111
2022-06-19,Unknown,deleted,0.0,12615,0.0
2022-06-20,MSIL2A,synchronized,7053.427613752894,11614,6.144268611111111
2022-06-20,Unknown,deleted,0.0,12546,0.0
2022-06-21,MSIL2A,synchronized,8026.207388096489,13163,6.081213333333333
2022-06-21,Unknown,deleted,0.0,12841,0.0
2022-06-22,MSIL2A,synchronized,7267.765665888786,11900,6.0584491666666676
2022-06-22,Unknown,deleted,0.0,12514,0.0
2022-06-23,MSIL2A,synchronized,8262.67327284906,13343,6.581029999999999
2022-06-23,Unknown,deleted,0.0,10885,0.0
2022-06-24,MSIL2A,synchronized,7648.534191576764,12326,5.406344444444445
2022-06-24,Unknown,deleted,0.0,13753,0.0
2022-06-25,MSIL2A,synchronized,7313.877167955041,11768,5.606868888888889
2022-06-25,Unknown,deleted,0.0,12198,0.0
2022-06-26,MSIL2A,synchronized,7659.753479198553,12433,5.849266388888889
2022-06-26,Unknown,deleted,0.0,12633,0.0
2022-06-27,MSIL2A,synchronized,7927.907107924111,12980,6.265670138888889
2022-06-27,Unknown,deleted,0.0,12825,0.0
2022-06-28,MSIL2A,synchronized,7908.195531007834,12949,7.434205555555556
2022-06-28,Unknown,deleted,0.0,12304,0.0
2022-06-29,MSIL2A,synchronized,7174.845596642233,11559,7.323623888888888
2022-06-29,Unknown,deleted,0.0,12301,0.0
2022-06-30,MSIL2A,synchronized,7866.064808208495,12775,7.533246666666666
2022-06-30,Unknown,deleted,0.0,12304,0.0
2022-07-01,MSIL2A,synchronized,7404.488366981968,12068,6.579563888888889
2022-07-01,Unknown,deleted,0.0,12431,0.0
2022-07-02,MSIL2A,synchronized,7893.383723145351,12783,7.619745833333333
2022-07-02,Unknown,deleted,0.0,12465,0.0
2022-07-03,MSIL2A,synchronized,7942.0281624011695,13072,7.132786527777778
2022-07-03,Unknown,deleted,0.0,11127,0.0
2022-07-04,MSIL2A,synchronized,8072.18308198452,13101,6.826145555555556
2022-07-04,Unknown,deleted,0.0,12776,0.0
2022-07-05,MSIL2A,synchronized,1964.91767005343,3321,6.707754166666667
2022-07-05,Unknown,deleted,0.0,3594,0.0
2022-07-06,MSIL2A,synchronized,5550.662591884844,8759,33.03897972222222
2022-07-06,Unknown,deleted,0.0,21097,0.0
2022-07-07,MSIL2A,synchronized,13418.952848185785,21795,24.698364722222223
2022-07-07,Unknown,deleted,0.0,10348,0.0
2022-07-08,MSIL2A,synchronized,10499.411826485768,16887,10.024246388888887
2022-07-08,Unknown,deleted,0.0,11701,0.0
2022-07-09,MSIL2A,synchronized,7572.357231408358,12341,7.860319722222223
2022-07-09,Unknown,deleted,0.0,11912,0.0
2022-07-10,MSIL2A,synchronized,8048.025310846046,13153,7.623533611111111
2022-07-10,Unknown,deleted,0.0,12000,0.0
2022-07-11,MSIL2A,synchronized,7799.070850746706,12654,7.42625
2022-07-11,Unknown,deleted,0.0,12326,0.0
2022-07-12,MSIL2A,synchronized,5428.421640428714,8982,7.615677916666667
2022-07-12,Unknown,deleted,0.0,14281,0.0
2022-07-13,MSIL2A,synchronized,7492.762993144803,12300,10.099040694444444
2022-07-13,Unknown,deleted,0.0,16019,0.0
2022-07-14,MSIL2A,synchronized,6208.833332174458,10257,8.627913888888889
2022-07-14,Unknown,deleted,0.0,14749,0.0
2022-07-15,MSIL2A,synchronized,6791.821660497226,11029,8.800717777777777
2022-07-15,Unknown,deleted,0.0,15058,0.0
2022-07-16,MSIL2A,synchronized,6576.8952968697995,10735,6.4323627777777785
2022-07-16,Unknown,deleted,0.0,15026,0.0
2022-07-17,MSIL2A,synchronized,6413.968567559496,10466,6.469361111111111
2022-07-17,Unknown,deleted,0.0,14626,0.0
2022-07-18,MSIL2A,synchronized,6679.4244631156325,11023,7.035935833333333
2022-07-18,Unknown,deleted,0.0,15366,0.0
2022-07-19,MSIL2A,synchronized,3890.5585956806317,6772,7.654192222222221
2022-07-19,Unknown,deleted,0.0,13569,0.0
2022-07-20,MSIL2A,synchronized,5358.414419032633,8501,6.007548333333333
2022-07-20,Unknown,deleted,0.0,12000,0.0
2022-07-21,MSIL2A,synchronized,7989.878600729629,12975,5.987293055555556
2022-07-21,Unknown,deleted,0.0,12000,0.0
2022-07-22,MSIL2A,synchronized,7303.0739718796685,11997,5.821071111111111
2022-07-22,Unknown,deleted,0.0,12000,0.0
2022-07-23,MSIL2A,synchronized,8408.24345994927,13721,5.8958072222222215
2022-07-23,Unknown,deleted,0.0,12000,0.0
2022-07-24,MSIL2A,synchronized,8072.294931720942,13091,5.977975833333333
2022-07-24,Unknown,deleted,0.0,12000,0.0
2022-07-25,MSIL2A,synchronized,7570.311091164127,12222,6.004567222222223
2022-07-25,Unknown,deleted,0.0,12000,0.0
2022-07-26,MSIL2A,synchronized,7872.379983176477,12928,6.333271249999999
2022-07-26,Unknown,deleted,0.0,12004,0.0
2022-07-27,MSIL2A,synchronized,7830.294532448053,12699,5.874192777777778
2022-07-27,Unknown,deleted,0.0,12000,0.0
2022-07-28,MSIL2A,synchronized,7874.007179392502,12864,6.538698888888888
2022-07-28,Unknown,deleted,0.0,12000,0.0
2022-07-29,MSIL2A,synchronized,8127.034355229698,13275,6.797397222222222
2022-07-29,Unknown,deleted,0.0,12000,0.0
2022-07-30,MSIL2A,synchronized,7509.744738554582,12320,11.548731944444445
2022-07-30,Unknown,deleted,0.0,12058,0.0
2022-07-31,MSIL2A,synchronized,8386.691671891138,13696,6.737234027777777
2022-07-31,Unknown,deleted,0.0,12000,0.0
2022-08-01,MSIL2A,synchronized,7558.291645006277,12293,6.934993055555555
2022-08-01,Unknown,deleted,0.0,12000,0.0
2022-08-02,MSIL2A,synchronized,6886.624926891178,11058,7.155640972222223
2022-08-02,Unknown,deleted,0.0,12000,0.0
2022-08-03,MSIL2A,synchronized,9080.835191608407,14723,7.984169166666666
2022-08-03,Unknown,deleted,0.0,12000,0.0
2022-08-04,MSIL2A,synchronized,7916.933774144389,12764,6.880866666666666
2022-08-04,Unknown,deleted,0.0,12005,0.0
2022-08-05,MSIL2A,synchronized,7688.142083394341,12413,7.140437222222222
2022-08-05,Unknown,deleted,0.0,12000,0.0
2022-08-06,MSIL2A,synchronized,7936.5510023757815,13083,6.654376666666667
2022-08-06,Unknown,deleted,0.0,12002,0.0
2022-08-07,MSIL2A,synchronized,7730.660891903564,12693,5.981432777777778
2022-08-07,Unknown,deleted,0.0,12000,0.0
2022-08-08,MSIL2A,synchronized,8013.8635694961995,13040,6.051799583333333
2022-08-08,Unknown,deleted,0.0,12000,0.0
2022-08-09,MSIL2A,synchronized,7967.30413542036,12895,6.038446111111111
2022-08-09,Unknown,deleted,0.0,12000,0.0
2022-08-10,MSIL2A,synchronized,7946.32537557371,13049,6.4515094444444445
2022-08-10,Unknown,deleted,0.0,12000,0.0
2022-08-11,MSIL2A,synchronized,7394.688261622563,12063,7.223906388888889
2022-08-11,Unknown,deleted,0.0,12000,0.0
2022-08-12,MSIL2A,synchronized,7983.322410089895,13148,6.787890555555556
2022-08-12,Unknown,deleted,0.0,12001,0.0
2022-08-13,MSIL2A,synchronized,8040.399769010954,13058,6.649418333333333
2022-08-13,Unknown,deleted,0.0,12000,0.0
2022-08-14,MSIL2A,synchronized,7655.605912567116,12550,6.30091
2022-08-14,Unknown,deleted,0.0,12000,0.0
2022-08-15,MSIL2A,synchronized,7862.087410214357,12856,6.611409861111111
2022-08-15,Unknown,deleted,0.0,12003,0.0
2022-08-16,MSIL2A,synchronized,7730.0812652809545,12573,5.967065555555556
2022-08-16,Unknown,deleted,0.0,12002,0.0
2022-08-17,MSIL2A,synchronized,7683.445577898994,12487,6.423407777777777
2022-08-17,Unknown,deleted,0.0,12002,0.0
2022-08-18,MSIL2A,synchronized,7977.540416340344,13010,6.222884027777777
2022-08-18,Unknown,deleted,0.0,12004,0.0
2022-08-19,MSIL2A,synchronized,6495.520094865933,10571,6.349157777777778
2022-08-19,Unknown,deleted,0.0,12000,0.0
2022-08-20,MSIL2A,synchronized,5079.104390642606,8303,7.188429444444445
2022-08-20,Unknown,deleted,0.0,12000,0.0
2022-08-21,MSIL2A,synchronized,4374.493636122905,7189,22.523786944444446
2022-08-21,Unknown,deleted,0.0,12001,0.0
2022-08-22,MSIL2A,synchronized,9727.619730737992,16010,20.555145555555555
2022-08-22,Unknown,deleted,0.0,12024,0.0
2022-08-23,MSIL2A,synchronized,8836.322679902427,14489,19.010420833333335
2022-08-23,Unknown,deleted,0.0,12001,0.0
2022-08-24,MSIL2A,synchronized,9633.82053528633,15539,10.442851666666668
2022-08-24,Unknown,deleted,0.0,12001,0.0
2022-08-25,MSIL2A,synchronized,7728.715539674275,12626,7.307838194444445
2022-08-25,Unknown,deleted,0.0,12002,0.0
2022-08-26,MSIL2A,synchronized,7726.052782689221,12689,6.844823333333334
2022-08-26,Unknown,deleted,0.0,12000,0.0
2022-08-27,MSIL2A,synchronized,8714.705089447089,14138,8.13313611111111
2022-08-27,Unknown,deleted,0.0,12000,0.0
2022-08-28,MSIL2A,synchronized,8013.405793105252,12910,5.871378333333333
2022-08-28,Unknown,deleted,0.0,12000,0.0
2022-08-29,MSIL2A,synchronized,7804.44428394828,12685,5.547341666666667
2022-08-29,Unknown,deleted,0.0,12000,0.0
2022-08-30,MSIL2A,synchronized,8373.789911838248,13618,6.606251805555557
2022-08-30,Unknown,deleted,0.0,12007,0.0
2022-08-31,MSIL2A,synchronized,7651.823347070254,12466,6.162767916666667
2022-08-31,Unknown,deleted,0.0,12000,0.0
2022-09-01,MSIL2A,synchronized,8472.030871173367,13860,6.171619027777778
2022-09-01,Unknown,deleted,0.0,12006,0.0
2022-09-02,MSIL2A,synchronized,7860.085929291323,12808,5.746838611111111
2022-09-02,Unknown,deleted,0.0,12000,0.0
2022-09-03,MSIL2A,synchronized,7425.058142382652,12066,5.812054027777778
2022-09-03,Unknown,deleted,0.0,12031,0.0
2022-09-04,MSIL2A,synchronized,8058.084959465079,13163,5.6627447222222225
2022-09-04,Unknown,deleted,0.0,12030,0.0
2022-09-05,MSIL2A,synchronized,8129.703643222339,13317,5.685255000000001
2022-09-05,Unknown,deleted,0.0,12020,0.0
2022-09-06,MSIL2A,synchronized,7689.060052822344,12613,5.8797983333333335
2022-09-06,Unknown,deleted,0.0,12022,0.0
2022-09-07,MSIL2A,synchronized,7385.15998398792,11981,5.766823333333333
2022-09-07,Unknown,deleted,0.0,12000,0.0
2022-09-08,MSIL2A,synchronized,5943.236879934557,9679,9.32270361111111
2022-09-08,Unknown,deleted,0.0,12000,0.0
2022-09-09,MSIL2A,synchronized,10146.044686745852,16558,11.879404305555557
2022-09-09,Unknown,deleted,0.0,12004,0.0
2022-09-11,MSIL2A,synchronized,8035.068868547678,13179,6.353870833333334
2022-09-11,Unknown,deleted,0.0,12000,0.0
2022-09-12,MSIL2A,synchronized,7744.295330271125,12504,6.47028125
2022-09-12,Unknown,deleted,0.0,12000,0.0
2022-09-13,MSIL2A,synchronized,8152.198039098643,13355,7.635308611111111
2022-09-13,Unknown,deleted,0.0,12084,0.0
2022-09-10,MSIL2A,synchronized,8335.814110630192,13768,6.2217295833333335
2022-09-10,Unknown,deleted,0.0,12000,0.0
2022-09-14,MSIL2A,synchronized,7642.690657801926,12326,8.299583194444445
2022-09-14,Unknown,deleted,0.0,12000,0.0
2022-09-15,MSIL2A,synchronized,8231.015603542328,13476,6.838855277777778
2022-09-15,Unknown,deleted,0.0,12000,0.0
2022-09-16,MSIL2A,synchronized,7811.841360564344,12811,6.150657222222223
2022-09-16,Unknown,deleted,0.0,12008,0.0
2022-09-17,MSIL2A,synchronized,7510.952535090968,12294,6.027574444444444
2022-09-17,Unknown,deleted,0.0,12000,0.0
2022-09-18,MSIL2A,synchronized,7804.788998298347,12760,7.110897222222222
2022-09-18,Unknown,deleted,0.0,12013,0.0
2022-09-19,MSIL2A,synchronized,7967.003052956425,13087,6.755045833333334
2022-09-19,Unknown,deleted,0.0,12000,0.0
2022-09-20,MSIL2A,synchronized,7405.517628535628,12117,7.306889444444445
2022-09-20,Unknown,deleted,0.0,12000,0.0
2022-09-21,MSIL2A,synchronized,7960.96841843985,13178,6.902436944444444
2022-09-21,Unknown,deleted,0.0,12000,0.0
2022-09-22,MSIL2A,synchronized,7198.155037781224,11731,11.32189111111111
2022-09-22,Unknown,deleted,0.0,7053,0.0
2022-09-23,MSIL2A,synchronized,7402.571659123525,12159,8.317152222222223
2022-09-23,Unknown,deleted,0.0,12000,0.0
2022-09-24,MSIL2A,synchronized,6303.30495539587,10276,7.714563194444445
2022-09-24,Unknown,deleted,0.0,12000,0.0
2022-09-25,MSIL2A,synchronized,6245.037079259753,10397,9.552574166666666
2022-09-25,Unknown,deleted,0.0,12000,0.0
2022-09-26,MSIL2A,synchronized,6180.0297084199265,10178,9.5449625
2022-09-26,Unknown,deleted,0.0,12001,0.0
2022-09-27,MSIL2A,synchronized,8900.014410583302,14566,26.24441652777778
2022-09-27,Unknown,deleted,0.0,12000,0.0
2022-09-28,MSIL2A,synchronized,10166.774089341052,16800,13.53627388888889
2022-09-28,Unknown,deleted,0.0,12000,0.0
2022-09-29,MSIL2A,synchronized,7962.440365894698,13138,7.556313472222222
2022-09-29,Unknown,deleted,0.0,12000,0.0
2022-09-30,MSIL2A,synchronized,7082.364464459941,11681,6.774637222222222
2022-09-30,Unknown,deleted,0.0,12000,0.0
2022-10-01,MSIL2A,synchronized,7531.633264552802,12484,6.5241581944444444
2022-10-01,Unknown,deleted,0.0,12000,0.0
2022-10-02,MSIL2A,synchronized,7680.348800193518,12608,6.371399583333333
2022-10-02,Unknown,deleted,0.0,12000,0.0
2022-10-03,MSIL2A,synchronized,6893.750020532869,11271,7.004036388888888
2022-10-03,Unknown,deleted,0.0,12000,0.0
2022-10-04,MSIL2A,synchronized,7411.345930879936,12135,6.614395555555555
2022-10-04,Unknown,deleted,0.0,12000,0.0
2022-10-05,MSIL2A,synchronized,7441.980294578709,12244,7.088063333333333
2022-10-05,Unknown,deleted,0.0,12000,0.0
2022-10-06,MSIL2A,synchronized,6809.654910469428,11301,7.3263625
2022-10-06,Unknown,deleted,0.0,12000,0.0
2022-10-07,MSIL2A,synchronized,7667.2369604045525,12605,8.166146388888889
2022-10-07,Unknown,deleted,0.0,12000,0.0
2022-10-08,MSIL2A,synchronized,7719.598090332001,12620,6.27634875
2022-10-08,Unknown,deleted,0.0,12000,0.0
2022-10-09,MSIL2A,synchronized,7106.793465169147,11605,6.451085
2022-10-09,Unknown,deleted,0.0,12000,0.0
2022-10-10,MSIL2A,synchronized,6917.587459661998,11316,6.3577740277777774
2022-10-10,Unknown,deleted,0.0,12002,0.0
2022-10-11,MSIL2A,synchronized,7309.0339780095965,11896,6.429232361111111
2022-10-11,Unknown,deleted,0.0,12000,0.0
2022-10-12,MSIL2A,synchronized,7221.29705658555,11605,6.137464444444444
2022-10-12,Unknown,deleted,0.0,12000,0.0
2022-10-13,MSIL2A,synchronized,6922.321969113313,11173,6.3541925
2022-10-13,Unknown,deleted,0.0,12003,0.0
2022-10-14,MSIL2A,synchronized,5744.928585123271,9367,6.703362777777778
2022-10-14,Unknown,deleted,0.0,12000,0.0
2022-10-15,MSIL2A,synchronized,8913.473720652983,14529,6.9446825
2022-10-15,Unknown,deleted,0.0,12000,0.0
2022-10-16,MSIL2A,synchronized,7122.942698474973,11681,5.986650833333333
2022-10-16,Unknown,deleted,0.0,12000,0.0
2022-10-17,MSIL2A,synchronized,7167.767695881426,11642,6.317840138888888
2022-10-17,Unknown,deleted,0.0,12000,0.0
2022-10-18,MSIL2A,synchronized,7002.929533565417,11399,5.599633611111111
2022-10-18,Unknown,deleted,0.0,12000,0.0
2022-10-19,MSIL2A,synchronized,6953.536781097762,11443,6.301964722222222
2022-10-19,Unknown,deleted,0.0,12006,0.0
2022-10-20,MSIL2A,synchronized,6727.924290006049,10975,6.231956388888889
2022-10-20,Unknown,deleted,0.0,12000,0.0
2022-10-21,MSIL2A,synchronized,5439.057692546397,8864,14.73504125
2022-10-21,Unknown,deleted,0.0,12000,0.0
2022-10-22,MSIL2A,synchronized,7623.452330429107,12471,8.078846666666667
2022-10-22,Unknown,deleted,0.0,12000,0.0
2022-10-23,MSIL2A,synchronized,6312.787239658646,10287,8.813596111111112
2022-10-23,Unknown,deleted,0.0,12000,0.0
2022-10-24,MSIL2A,synchronized,7552.0791394030675,12376,11.522430833333333
2022-10-24,Unknown,deleted,0.0,12000,0.0
2022-10-25,MSIL2A,synchronized,6398.69192450121,10523,6.1795366666666665
2022-10-25,Unknown,deleted,0.0,12000,0.0
2022-10-26,MSIL2A,synchronized,6170.311800310388,10169,6.682649166666667
2022-10-26,Unknown,deleted,0.0,12000,0.0
2022-10-27,MSIL2A,synchronized,7468.367398940958,12051,8.1178875
2022-10-27,Unknown,deleted,0.0,12000,0.0
2022-10-28,MSIL2A,synchronized,7468.2946106903255,12391,8.671713055555555
2022-10-28,Unknown,deleted,0.0,12000,0.0
2022-10-29,MSIL2A,synchronized,6190.878558074124,10215,5.961391111111111
2022-10-29,Unknown,deleted,0.0,12000,0.0
2022-10-30,MSIL2A,synchronized,7035.193828030489,11495,6.3008894444444445
2022-10-30,Unknown,deleted,0.0,12000,0.0
2022-10-31,MSIL2A,synchronized,6627.088359764777,10834,5.543174305555556
2022-10-31,Unknown,deleted,0.0,12000,0.0
2022-11-01,MSIL2A,synchronized,6208.702222672291,10120,5.664599027777777
2022-11-01,Unknown,deleted,0.0,12000,0.0
2022-11-02,MSIL2A,synchronized,6391.641334707849,10411,6.576636944444444
2022-11-02,Unknown,deleted,0.0,12000,0.0
2022-11-03,MSIL2A,synchronized,6214.715151285753,10197,6.497695
2022-11-03,Unknown,deleted,0.0,12000,0.0
2022-11-04,MSIL2A,synchronized,5911.272467741743,9579,6.1652547222222225
2022-11-04,Unknown,deleted,0.0,12000,0.0
2022-11-05,MSIL2A,synchronized,4677.87826505024,7781,10.796880833333333
2022-11-05,Unknown,deleted,0.0,12000,0.0
2022-11-06,MSIL2A,synchronized,5854.6425006957725,9495,10.634513611111112
2022-11-06,Unknown,deleted,0.0,12000,0.0
2022-11-07,MSIL2A,synchronized,7085.632896138355,11571,21.332574166666667
2022-11-07,Unknown,deleted,0.0,12000,0.0
2022-11-08,MSIL2A,synchronized,5357.932623425499,8863,6.612863333333333
2022-11-08,Unknown,deleted,0.0,12000,0.0
2022-11-09,MSIL2A,synchronized,5866.291255400516,9745,5.926189444444444
2022-11-09,Unknown,deleted,0.0,12000,0.0
2022-11-10,MSIL2A,synchronized,6245.847838903777,10189,6.219708611111112
2022-11-10,Unknown,deleted,0.0,12005,0.0
2022-11-11,MSIL2A,synchronized,4760.724060373381,7836,6.9485294444444445
2022-11-11,Unknown,deleted,0.0,12000,0.0
2022-11-12,MSIL2A,synchronized,7422.75267950166,12164,6.884907222222223
2022-11-12,Unknown,deleted,0.0,12000,0.0
2022-11-13,MSIL2A,synchronized,4187.46510265395,6795,6.6027233333333335
2022-11-13,Unknown,deleted,0.0,12000,0.0
2022-11-14,MSIL2A,synchronized,7132.291235526092,11669,11.34896638888889
2022-11-14,Unknown,deleted,0.0,12000,0.0
2022-11-15,MSIL2A,synchronized,7275.331463911571,11908,9.0374275
2022-11-15,Unknown,deleted,0.0,12000,0.0
2022-11-16,MSIL2A,synchronized,6562.943156096153,10806,5.588001388888889
2022-11-16,Unknown,deleted,0.0,12014,0.0
2022-11-17,MSIL2A,synchronized,6107.80097691156,9935,5.045510277777778
2022-11-17,Unknown,deleted,0.0,12000,0.0
2022-11-18,MSIL2A,synchronized,6031.810511584394,9886,5.04837
2022-11-18,Unknown,deleted,0.0,12000,0.0
2022-11-19,MSIL2A,synchronized,939.9374234639108,1771,3.332245277777778
2022-11-19,Unknown,deleted,0.0,2000,0.0
2022-11-23,MSIL2A,synchronized,7882.0692220320925,12896,27.30850375
2022-11-23,Unknown,deleted,0.0,7014,0.0
2022-11-24,MSIL2A,synchronized,8353.902881846763,13607,6.828194166666667
2022-11-24,Unknown,deleted,0.0,12000,0.0
2022-11-25,MSIL2A,synchronized,6466.39821899496,10712,5.847357222222222
2022-11-25,Unknown,deleted,0.0,12004,0.0
2022-11-26,MSIL2A,synchronized,5829.211880167946,9565,5.066909722222222
2022-11-26,Unknown,deleted,0.0,12000,0.0
2022-11-27,MSIL2A,synchronized,5840.7087116502225,9667,4.858391666666666
2022-11-27,Unknown,deleted,0.0,12000,0.0
2022-11-28,MSIL2A,synchronized,5795.229268403724,9599,5.07661388888889
2022-11-28,Unknown,deleted,0.0,12000,0.0
2022-12-02,MSIL2A,synchronized,5260.705618984066,8613,5.1803825
2022-12-02,Unknown,deleted,0.0,12032,0.0
2022-12-03,MSIL2A,synchronized,5885.225287778303,9628,4.72701
2022-12-03,Unknown,deleted,0.0,12000,0.0
2022-12-04,MSIL2A,synchronized,5994.152153944597,9823,5.017766388888888
2022-12-04,Unknown,deleted,0.0,12000,0.0
2022-12-05,MSIL2A,synchronized,5481.11490525119,9019,4.865253611111111
2022-12-05,Unknown,deleted,0.0,12011,0.0
2022-12-05,MSIL2A,synchronized,5481.11490525119,9019,4.865253611111111
2022-12-05,Unknown,deleted,0.0,12011,0.0
2022-12-06,MSIL2A,synchronized,5064.090972697362,8233,6.773233055555555
2022-12-06,Unknown,deleted,0.0,12016,0.0
2022-12-07,MSIL2A,synchronized,6058.504785449244,9900,4.9717737500000005
2022-12-07,Unknown,deleted,0.0,12012,0.0
2022-12-08,MSIL2A,synchronized,5789.5235940832645,9491,5.057507222222223
2022-12-08,Unknown,deleted,0.0,12001,0.0
2022-12-09,MSIL2A,synchronized,5433.037327579223,9020,4.65073236111111
2022-12-09,Unknown,deleted,0.0,12779,0.0
2022-12-10,MSIL2A,synchronized,5754.505883138627,9513,4.885409444444444
2022-12-10,Unknown,deleted,0.0,12017,0.0
2022-12-11,MSIL2A,synchronized,5598.72192203626,9220,5.11179125
2022-12-11,Unknown,deleted,0.0,12000,0.0
2022-12-12,MSIL2A,synchronized,3888.728320929222,6437,4.939486944444444
2022-12-12,Unknown,deleted,0.0,12002,0.0
2022-12-13,MSIL2A,synchronized,3472.13296057377,5665,5.772794722222223
2022-12-13,Unknown,deleted,0.0,12004,0.0
2022-12-14,MSIL2A,synchronized,5378.823907348327,8965,4.814971666666667
2022-12-14,Unknown,deleted,0.0,12026,0.0
2022-12-15,MSIL2A,synchronized,5768.153682215139,9454,4.9542675
2022-12-15,Unknown,deleted,0.0,12020,0.0
2022-12-18,MSIL2A,synchronized,5649.295503784902,9351,4.986752500000001
2022-12-18,Unknown,deleted,0.0,12000,0.0
2022-12-18,MSIL2A,synchronized,5649.295503784902,9351,4.986752500000001
2022-12-18,Unknown,deleted,0.0,12000,0.0
2022-12-18,MSIL2A,synchronized,5649.295503784902,9351,4.986752500000001
2022-12-18,Unknown,deleted,0.0,12000,0.0
2022-12-19,MSIL2A,synchronized,5557.517992619425,9076,5.197140555555555
2022-12-19,Unknown,deleted,0.0,12000,0.0
2022-12-19,MSIL2A,synchronized,5557.517992619425,9076,5.197140555555555
2022-12-19,Unknown,deleted,0.0,12000,0.0
2022-12-20,MSIL2A,synchronized,3438.903445553966,5685,4.770833611111112
2022-12-20,Unknown,deleted,0.0,12331,0.0
2022-12-22,Unknown,deleted,0.0,12000,0.0
2022-12-22,Unknown,deleted,0.0,12000,0.0
2022-12-23,Unknown,deleted,0.0,12000,0.0
2022-12-24,Unknown,deleted,0.0,12000,0.0
2022-12-25,Unknown,deleted,0.0,12000,0.0
2022-12-26,Unknown,deleted,0.0,12000,0.0
2022-12-27,MSIL2A,synchronized,446.5695518730208,756,74.02604166666667
2022-12-27,Unknown,deleted,0.0,12011,0.0
2022-12-29,MSIL2A,synchronized,61.681280265562236,102,4.972990972222222
2022-12-29,Unknown,deleted,0.0,12000,0.0
2022-12-30,MSIL2A,synchronized,60.85208755079657,108,4.6913175
2022-12-30,Unknown,deleted,0.0,12000,0.0
2022-12-31,MSIL2A,synchronized,54.927739259786904,103,4.960856944444444
2022-12-31,Unknown,deleted,0.0,12000,0.0
2023-01-01,MSIL2A,synchronized,67.10490135382861,112,4.566225833333334
2023-01-01,Unknown,deleted,0.0,12000,0.0
2023-01-02,MSIL2A,synchronized,60.35422265715897,104,4.287249444444445
2023-01-02,Unknown,deleted,0.0,10897,0.0
2023-01-04,MSIL2A,synchronized,57.690259818919,110,3.6990455555555557
2023-01-04,Unknown,deleted,0.0,9071,0.0
2023-01-05,MSIL2A,synchronized,67.60377026442438,115,4.181085555555556
2023-01-05,Unknown,deleted,0.0,9749,0.0
2023-01-06,MSIL2A,synchronized,76.62027443572879,126,4.996951527777778
2023-01-06,Unknown,deleted,0.0,7378,0.0
2023-01-07,MSIL2A,synchronized,64.08719694335014,111,4.429228888888889
2023-01-07,Unknown,deleted,0.0,10811,0.0
2023-01-08,MSIL2A,synchronized,71.15066405199468,123,4.743405277777777
2023-01-08,Unknown,deleted,0.0,9055,0.0
2023-01-09,MSIL2A,synchronized,73.32170259114355,129,5.493313888888889
2023-01-09,Unknown,deleted,0.0,9155,0.0
2023-01-10,MSIL2A,synchronized,70.99146582558751,125,4.631507777777777
2023-01-10,Unknown,deleted,0.0,9357,0.0
2023-01-11,MSIL2A,synchronized,81.74537065904588,146,5.018728611111111
2023-01-11,Unknown,deleted,0.0,9456,0.0
